Date,1301.T,1305.T,1306.T,1308.T,1309.T,1311.T,1319.T,1320.T
2023-01-04,3440.999755859375,1844.821533203125,1825.98681640625,1804.14208984375,39500.0,873.5730590820312,309.8671875,25246.345703125
2023-01-05,3436.41162109375,1859.7896728515625,1826.9228515625,1804.14208984375,39590.0,874.7152099609375,313.029052734375,25331.927734375
2023-01-06,3413.4716796875,1850.90234375,1833.4759521484375,1809.7552490234375,40560.0,880.4260864257812,308.8442077636719,25507.84375
2023-01-10,3408.883544921875,1856.515380859375,1836.7525634765625,1815.368408203125,40650.0,879.4743041992188,308.8442077636719,25679.0078125
2023-01-11,3418.059814453125,1876.1610107421875,1856.4119873046875,1835.48193359375,41070.0,891.7527465820312,313.4010314941406,25930.994140625
2023-01-12,3418.059814453125,1885.04833984375,1865.3055419921875,1841.562744140625,40620.0,897.65380859375,307.4492492675781,25945.2578125
2023-01-13,3404.295654296875,1878.4998779296875,1857.8162841796875,1836.41748046875,40870.0,899.46240234375,307.0772705078125,25621.953125
2023-01-16,3404.295654296875,1863.0638427734375,1841.9013671875,1819.5782470703125,41200.0,889.3731689453125,304.4732971191406,25336.68359375
2023-01-17,3422.647705078125,1878.031982421875,1859.6884765625,1835.94970703125,40700.0,898.9864501953125,304.4732971191406,25650.478515625
2023-01-18,3459.351806640625,1910.774658203125,1891.0501708984375,1866.3538818359375,41370.0,913.4540405273438,313.4010314941406,26268.564453125
2023-01-19,3427.235595703125,1891.5968017578125,1873.262939453125,1848.111328125,41350.0,900.50927734375,313.4010314941406,25888.205078125
2023-01-20,3450.175537109375,1901.419677734375,1883.092529296875,1858.869873046875,41780.0,905.8394775390625,313.4010314941406,26030.83984375
2023-01-23,3473.11572265625,1921.5330810546875,1900.8797607421875,1877.580078125,41610.0,914.8817138671875,313.4010314941406,26392.1796875
2023-01-24,3505.231689453125,1947.2596435546875,1927.09228515625,1903.3067626953125,41910.0,931.0625610351562,320.1898498535156,26782.048828125
2023-01-25,3505.231689453125,1954.27587890625,1935.9859619140625,1910.3231201171875,42210.0,931.728759765625,320.1898498535156,26862.875
2023-01-26,3491.4677734375,1952.4049072265625,1931.7730712890625,1909.85546875,42440.0,929.9203491210938,320.1898498535156,26824.83984375
2023-01-27,3473.11572265625,1958.4857177734375,1936.9219970703125,1913.1297607421875,42800.0,931.0625610351562,316.4699401855469,26858.119140625
2023-01-30,3496.055419921875,1958.4857177734375,1936.4539794921875,1913.1297607421875,42080.0,926.7793579101562,316.4699401855469,26886.6484375
2023-01-31,3514.407470703125,1949.130615234375,1930.368896484375,1905.177978515625,41550.0,938.2011108398438,314.5169982910156,26791.55859375
2023-02-01,3537.34765625,1947.7274169921875,1927.09228515625,1903.7745361328125,41320.0,926.113037109375,314.5169982910156,26829.59375
2023-02-02,3486.879638671875,1941.1788330078125,1919.1348876953125,1896.29052734375,41190.0,924.3046264648438,315.260986328125,26877.138671875
2023-02-03,3385.943603515625,1945.3885498046875,1924.2838134765625,1900.5001220703125,40810.0,930.8721313476562,314.5169982910156,26981.736328125
2023-02-06,3326.2998046875,1952.8726806640625,1934.1136474609375,1908.919921875,40500.0,933.6323852539062,314.5169982910156,27148.14453125
2023-02-07,3340.063720703125,1958.4857177734375,1938.3262939453125,1913.1297607421875,40660.0,940.3902587890625,314.5169982910156,27143.388671875
2023-02-08,3344.65185546875,1958.017822265625,1937.858154296875,1914.0653076171875,40640.0,939.2481079101562,314.5169982910156,27062.5625
2023-02-09,3326.2998046875,1960.356689453125,1938.7943115234375,1915.468505859375,41200.0,936.3926391601562,314.7959899902344,27062.5625
2023-02-10,3340.063720703125,1959.888916015625,1940.1986083984375,1915.936279296875,40990.0,942.1986694335938,314.3310241699219,27143.388671875
2023-02-13,3326.2998046875,1950.5338134765625,1930.8369140625,1907.048828125,41340.0,931.823974609375,313.4010314941406,26896.15625
2023-02-14,3344.65185546875,1968.7762451171875,1948.1558837890625,1922.9527587890625,40990.0,936.67822265625,313.4010314941406,27076.826171875
2023-02-15,3344.65185546875,1962.2276611328125,1941.134765625,1918.7427978515625,40900.0,933.91796875,314.42401123046875,26967.474609375
2023-02-16,3349.23974609375,1976.7281494140625,1956.113525390625,1930.904541015625,41600.0,939.7239379882812,314.42401123046875,27186.1796875
2023-02-17,3326.2998046875,1966.9052734375,1946.28369140625,1922.01708984375,40940.0,935.5360717773438,314.3310241699219,26986.4921875
2023-02-20,3330.8876953125,1972.986083984375,1953.77294921875,1928.5657958984375,41450.0,932.39501953125,317.39990234375,26996.0
2023-02-21,3335.4755859375,1970.6473388671875,1950.0283203125,1926.22705078125,41710.0,928.5877685546875,317.39990234375,26934.19140625
2023-02-22,3330.8876953125,1951.4693603515625,1931.7730712890625,1908.4522705078125,41790.0,932.39501953125,317.39990234375,26596.625
2023-02-24,3335.4755859375,1961.7598876953125,1942.5389404296875,1918.275146484375,40780.0,929.634765625,317.39990234375,26905.666015625
2023-02-27,3381.355712890625,1967.8408203125,1948.6240234375,1925.2913818359375,40530.0,921.44921875,324.8397216796875,26919.927734375
2023-02-28,3349.23974609375,1968.308349609375,1947.2198486328125,1924.35595703125,40680.0,924.3998413085938,324.8397216796875,26900.912109375
2023-03-01,3353.82763671875,1972.0504150390625,1953.304931640625,1928.5657958984375,41960.0,928.4926147460938,324.8397216796875,26991.24609375
2023-03-02,3363.00341796875,1969.2440185546875,1949.092041015625,1924.82373046875,41930.0,924.9708862304688,323.6307373046875,26991.24609375
2023-03-03,3353.82763671875,1994.502685546875,1973.4324951171875,1948.2115478515625,42000.0,942.0083618164062,321.6778259277344,27390.623046875
2023-03-06,3349.23974609375,2012.7451171875,1990.2833251953125,1965.986328125,41500.0,956.571044921875,324.00274658203125,27728.193359375
2023-03-07,3344.65185546875,2020.229248046875,1999.1768798828125,1973.4705810546875,41150.0,957.998779296875,328.8385925292969,27790.0
2023-03-08,3358.415771484375,2026.31005859375,2005.7301025390625,1980.0191650390625,41100.0,959.9024658203125,328.8385925292969,27899.353515625
2023-03-09,3363.00341796875,2046.4234619140625,2023.9852294921875,1998.7293701171875,41450.0,967.9927978515625,328.8385925292969,28089.533203125
2023-03-10,3326.2998046875,2006.664306640625,1985.6025390625,1959.905517578125,39950.0,951.8119506835938,326.8856506347656,27599.8203125
2023-03-13,3257.479736328125,1981.873291015625,1954.7091064453125,1930.904541015625,40130.0,935.6312255859375,326.8856506347656,27328.814453125
2023-03-14,3174.895751953125,1922.9364013671875,1902.752197265625,1880.38671875,39990.0,902.1273803710938,326.8856506347656,26720.2421875
2023-03-15,3202.423583984375,1936.501220703125,1914.9222412109375,1892.54833984375,39900.0,913.6443481445312,326.8856506347656,26720.2421875
2023-03-16,3188.65966796875,1924.339599609375,1894.3265380859375,1871.031494140625,39050.0,904.221435546875,310.2391662597656,26501.533203125
2023-03-17,3165.7197265625,1936.501220703125,1916.326416015625,1892.0806884765625,39900.0,912.5973510742188,313.4010314941406,26815.330078125
2023-03-20,3096.899658203125,1905.6295166015625,1887.7734375,1863.07958984375,38700.0,899.5574951171875,313.4010314941406,26482.515625
2023-03-22,3165.7197265625,1938.8399658203125,1918.666748046875,1895.35498046875,39300.0,927.06494140625,313.6800231933594,26962.720703125
2023-03-23,3142.779541015625,1933.69482421875,1914.9222412109375,1890.2095947265625,39200.0,917.5467529296875,320.8408508300781,26929.4375
2023-03-24,3147.367919921875,1931.35595703125,1912.581787109375,1888.338623046875,40000.0,922.3058471679688,316.4699401855469,26867.62890625
2023-03-27,3193.247802734375,1937.904541015625,1919.1348876953125,1893.95166015625,38990.0,922.4010009765625,316.4699401855469,26972.228515625
2023-03-28,3207.01171875,1942.58203125,1924.2838134765625,1900.0325927734375,38710.0,920.3070678710938,319.2598571777344,27005.509765625
2023-03-29,3216.187744140625,1969.711669921875,1950.9644775390625,1925.2913818359375,38750.0,916.594970703125,314.2380065917969,27338.32421875
2023-03-30,3220.910400390625,1981.873291015625,1960.326171875,1936.0499267578125,39400.0,927.2552490234375,313.029052734375,27490.466796875
2023-03-31,3235.07861328125,2003.8577880859375,1983.730224609375,1958.502197265625,40000.0,950.6698608398438,315.260986328125,27790.0
2023-04-03,3263.4150390625,2017.4228515625,1995.900390625,1970.6639404296875,39970.0,951.6216430664062,327.1646728515625,27918.37109375
2023-04-04,3272.860595703125,2022.5679931640625,2000.5811767578125,1975.341552734375,39570.0,952.7638549804688,325.5837097167969,28003.953125
2023-04-05,3235.07861328125,1982.8089599609375,1960.7940673828125,1936.9853515625,39700.0,931.9191284179688,323.53778076171875,27561.787109375
2023-04-06,3192.573974609375,1960.356689453125,1939.262451171875,1916.871826171875,39050.0,926.6842041015625,323.53778076171875,27209.953125
2023-04-07,3216.187744140625,1964.5665283203125,1943.007080078125,1920.61376953125,39550.0,928.3974609375,320.8408508300781,27238.48046875
2023-04-10,3216.187744140625,1976.2603759765625,1954.2410888671875,1930.436767578125,40090.0,928.1118774414062,329.7685852050781,27376.361328125
2023-04-11,3225.63330078125,1989.8253173828125,1970.623779296875,1946.340576171875,39770.0,936.2975463867188,329.7685852050781,27661.62890625
2023-04-12,3244.524169921875,2004.7933349609375,1985.1343994140625,1960.8409423828125,39770.0,941.532470703125,323.3517761230469,27832.791015625
2023-04-13,3272.860595703125,2006.196533203125,1987.0067138671875,1961.308837890625,39600.0,942.9601440429688,323.3517761230469,27875.58203125
2023-04-14,3277.583251953125,2016.954833984375,1996.8365478515625,1971.5994873046875,39970.0,934.6793823242188,323.3517761230469,28198.88671875
2023-04-17,3277.583251953125,2024.90673828125,2005.2618408203125,1979.0836181640625,40490.0,954.1915283203125,323.3517761230469,28246.4296875
2023-04-18,3301.197021484375,2038.9393310546875,2019.304443359375,1994.0518798828125,40750.0,960.3782958984375,327.1646728515625,28384.3125
2023-04-19,3287.02880859375,2038.003662109375,2016.9639892578125,1992.1807861328125,40500.0,960.8541870117188,331.9075012207031,28317.75
2023-04-20,3310.642578125,2037.5360107421875,2016.02783203125,1991.245361328125,40310.0,959.4264526367188,331.8144836425781,28365.294921875
2023-04-21,3324.810791015625,2032.8585205078125,2012.282958984375,1987.0352783203125,39650.0,953.715576171875,320.8408508300781,28289.220703125
2023-04-24,3324.810791015625,2035.197265625,2014.155517578125,1988.906494140625,39200.0,956.571044921875,320.8408508300781,28298.73046875
2023-04-25,3343.70166015625,2040.3426513671875,2020.7086181640625,1994.5196533203125,39200.0,952.7638549804688,322.7007751464844,28355.78515625
2023-04-26,3310.642578125,2022.1002197265625,2001.0494384765625,1976.277099609375,39480.0,946.957763671875,321.7707824707031,28151.341796875
2023-04-27,3334.25634765625,2030.9874267578125,2008.538330078125,1983.7611083984375,39780.0,957.0469360351562,321.7707824707031,28184.62109375
2023-04-28,3376.760986328125,2056.24609375,2035.6871337890625,2009.48779296875,40100.0,961.3301391601562,325.4906921386719,28574.490234375
2023-05-01,3372.038330078125,2077.762939453125,2054.878662109375,2030.536865234375,40380.0,979.4144897460938,331.5355224609375,28869.26953125
2023-05-02,3362.5927734375,2074.02099609375,2052.5380859375,2027.7303466796875,40370.0,963.7096557617188,331.4425048828125,28878.779296875
2023-05-08,3376.760986328125,2070.27880859375,2048.793701171875,2023.052734375,40340.0,970.3723754882812,331.4425048828125,28679.091796875
2023-05-09,3419.265380859375,2094.60205078125,2074.070068359375,2047.3760986328125,40200.0,981.3181762695312,325.4906921386719,28954.849609375
2023-05-10,3367.3154296875,2084.779296875,2063.30419921875,2038.0211181640625,39790.0,982.7459716796875,329.1175537109375,28850.251953125
2023-05-11,3362.5927734375,2081.5048828125,2059.5595703125,2034.746826171875,39830.0,977.98681640625,329.1175537109375,28850.251953125
2023-05-12,3461.770263671875,2095.537353515625,2075.006103515625,2048.3115234375,39690.0,987.029052734375,336.557373046875,29116.50390625
2023-05-15,3471.2158203125,2113.77978515625,2092.793212890625,2067.022216796875,39580.0,992.2640380859375,342.60223388671875,29335.2109375
2023-05-16,3490.106689453125,2126.409423828125,2105.8994140625,2079.6513671875,39700.0,1003.685791015625,342.60223388671875,29563.42578125
2023-05-17,3513.720458984375,2134.361083984375,2112.45263671875,2084.796875,39510.0,1007.968994140625,342.60223388671875,29791.642578125
2023-05-18,3475.9384765625,2156.813232421875,2138.197265625,2108.184814453125,39420.0,1029.860595703125,335.6274108886719,30295.6171875
2023-05-19,3466.492919921875,2160.555419921875,2139.6015625,2111.9267578125,39360.0,1030.8123779296875,337.3013610839844,30533.341796875
2023-05-22,3494.829345703125,2175.9912109375,2152.239501953125,2125.024169921875,39600.0,1037.47509765625,342.0442199707031,30809.1015625
2023-05-23,3428.7109375,2162.426513671875,2141.005615234375,2114.265625,39400.0,1041.2822265625,349.5769958496094,30694.994140625
2023-05-24,3423.98828125,2152.135986328125,2128.835693359375,2102.57177734375,39220.0,1027.4810791015625,349.5769958496094,30428.7421875
2023-05-25,3447.60205078125,2146.05517578125,2122.75048828125,2096.49072265625,39400.0,1022.721923828125,349.5769958496094,30504.814453125
2023-05-26,3423.98828125,2145.119384765625,2122.75048828125,2097.893798828125,39000.0,1032.716064453125,348.7400207519531,30647.44921875
2023-05-29,3428.7109375,2161.023193359375,2139.13330078125,2112.394287109375,39090.0,1034.1436767578125,344.0901794433594,30970.755859375
2023-05-30,3386.20654296875,2158.684326171875,2135.85693359375,2111.9267578125,38150.0,1034.61962890625,344.18316650390625,31018.298828125
2023-05-31,3353.147216796875,2128.748046875,2106.835693359375,2080.119384765625,38500.0,1026.529296875,345.9501037597656,30590.39453125
2023-06-01,3367.3154296875,2148.861572265625,2125.0908203125,2101.16845703125,38400.0,1029.860595703125,347.8100280761719,30837.62890625
2023-06-02,3405.097412109375,2183.475341796875,2160.197021484375,2134.379150390625,38500.0,1048.8968505859375,350.5069580078125,31227.498046875
2023-06-05,3428.7109375,2219.024658203125,2196.707275390625,2169.461181640625,38430.0,1073.1680908203125,351.5299377441406,31893.125
2023-06-06,3433.433837890625,2234.92822265625,2212.154296875,2184.89697265625,38390.0,1076.0235595703125,351.4369201660156,32225.939453125
2023-06-07,3423.98828125,2207.3310546875,2182.6650390625,2158.23486328125,38390.0,1075.5474853515625,351.6229553222656,31655.40234375
2023-06-08,3433.433837890625,2191.894775390625,2168.62255859375,2142.799072265625,38310.0,1048.8968505859375,346.0431213378906,31389.150390625
2023-06-09,3447.60205078125,2224.169677734375,2200.920166015625,2174.138671875,38180.0,1067.9332275390625,347.43804931640625,31959.6875
2023-06-12,3461.770263671875,2238.20263671875,2214.962646484375,2189.10693359375,38280.0,1078.87890625,354.22686767578125,32140.359375
2023-06-13,3461.770263671875,2265.332275390625,2243.9833984375,2214.36572265625,38700.0,1096.0115966796875,358.0397644042969,32748.93359375
2023-06-14,3461.770263671875,2293.865234375,2270.1962890625,2243.834716796875,38650.0,1115.047607421875,358.0397644042969,33224.38671875
2023-06-15,3447.60205078125,2293.3974609375,2270.664306640625,2242.89892578125,38910.0,1113.6199951171875,344.8341369628906,33167.328125
2023-06-16,3442.879150390625,2301.817138671875,2277.217529296875,2249.91552734375,39410.0,1123.13818359375,348.7400207519531,33433.58203125
2023-06-19,3447.60205078125,2290.591064453125,2265.983642578125,2239.62451171875,39030.0,1115.9996337890625,346.6940612792969,33072.2421875
2023-06-20,3452.32470703125,2284.042236328125,2259.8984375,2232.140869140625,39320.0,1108.861083984375,350.7859802246094,33091.2578125
2023-06-21,3471.2158203125,2296.203857421875,2273.94091796875,2242.89892578125,38710.0,1107.9090576171875,349.66998291015625,33290.9453125
2023-06-22,3461.770263671875,2297.607177734375,2274.40869140625,2245.70556640625,38670.0,1110.7645263671875,349.66998291015625,32986.66015625
2023-06-23,3433.433837890625,2262.993408203125,2238.834716796875,2212.962646484375,38300.0,1099.8187255859375,356.92376708984375,32473.173828125
2023-06-26,3405.097412109375,2258.78369140625,2234.6220703125,2207.349365234375,38350.0,1099.3427734375,347.2520751953125,32435.13671875
2023-06-27,3405.097412109375,2252.235107421875,2228.06884765625,2200.801025390625,38430.0,1086.0174560546875,347.43804931640625,32263.9765625
2023-06-28,3447.60205078125,2296.671875,2273.47265625,2245.23779296875,38820.0,1099.8187255859375,347.43804931640625,32844.0234375
2023-06-29,3433.433837890625,2299.010498046875,2273.004638671875,2246.641357421875,38840.0,1109.3367919921875,349.66998291015625,32986.66015625
2023-06-30,3414.54296875,2290.591064453125,2265.04736328125,2249.91552734375,38840.0,1110.2886962890625,349.66998291015625,32939.11328125
2023-07-03,3447.60205078125,2323.333740234375,2298.28125,2271.89990234375,39200.0,1124.56591796875,355.2498474121094,33471.6171875
2023-07-04,3433.433837890625,2307.43017578125,2283.7705078125,2256.4638671875,39300.0,1118.379150390625,353.389892578125,33110.27734375
2023-07-05,3409.8203125,2307.43017578125,2281.898193359375,2256.4638671875,39100.0,1115.523681640625,357.10980224609375,33053.22265625
2023-07-06,3400.374755859375,2279.36474609375,2255.685546875,2180.687255859375,38670.0,1115.047607421875,354.31988525390625,32473.173828125
2023-07-07,3409.8203125,2204.52392578125,2185.941650390625,2159.63818359375,38600.0,1091.7283935546875,354.31988525390625,31645.89453125
2023-07-10,3419.265380859375,2248.6455078125,2226.25341796875,2200.470458984375,38310.0,1076.0235595703125,352.88568115234375,31961.537109375
2023-07-11,3409.8203125,2240.51025390625,2217.6357421875,2190.4228515625,38540.0,1071.740234375,359.7378234863281,31942.171875
2023-07-12,3423.98828125,2225.197021484375,2202.7939453125,2175.111572265625,38370.0,1056.5113525390625,362.3074035644531,31661.384765625
2023-07-13,3409.8203125,2246.252685546875,2223.380859375,2196.164306640625,38580.0,1063.64990234375,362.4977111816406,32174.55078125
2023-07-14,3405.097412109375,2243.381591796875,2220.029541015625,2191.379638671875,38410.0,1060.7945556640625,362.5928955078125,32135.822265625
2023-07-18,3438.156494140625,2256.3017578125,2232.9560546875,2205.733642578125,38340.0,1085.365234375,366.399658203125,32261.69140625
2023-07-19,3428.7109375,2282.14306640625,2257.373046875,2229.6572265625,38170.0,1096.973388671875,371.1581115722656,32581.208984375
2023-07-20,3442.879150390625,2263.47998046875,2237.743896484375,2210.518310546875,38270.0,1088.2672119140625,378.2005920410156,32193.9140625
2023-07-21,3452.32470703125,2265.394287109375,2241.573974609375,2212.43212890625,38650.0,1088.2672119140625,376.487548828125,32029.314453125
2023-07-24,3471.2158203125,2284.53564453125,2259.2880859375,2231.571044921875,38600.0,1094.0712890625,379.4377746582031,32435.97265625
2023-07-25,3457.04736328125,2286.928466796875,2263.59716796875,2235.398681640625,39700.0,1093.587646484375,374.7745056152344,32406.927734375
2023-07-26,3461.770263671875,2285.01416015625,2260.724609375,2233.48486328125,39600.0,1091.65283203125,374.7745056152344,32368.197265625
2023-07-27,3485.384033203125,2298.891845703125,2276.523681640625,2246.8818359375,39600.0,1099.8753662109375,374.7745056152344,32639.3046875
2023-07-28,3499.55224609375,2293.149169921875,2269.342041015625,2240.18310546875,40360.0,1100.8427734375,374.7745056152344,32474.703125
2023-07-31,3546.77978515625,2324.254150390625,2299.025634765625,2270.805419921875,40950.0,1116.3203125,374.7745056152344,32910.41015625
2023-08-01,3556.22509765625,2339.5673828125,2314.345947265625,2288.030029296875,41000.0,1124.05908203125,380.5798034667969,33200.87890625
2023-08-02,3523.166015625,2302.719970703125,2279.396484375,2252.623291015625,40330.0,1106.6468505859375,380.1990966796875,32503.751953125
2023-08-03,3494.829345703125,2271.136474609375,2246.84033203125,2217.217041015625,41060.0,1089.2344970703125,380.1990966796875,31903.4453125
2023-08-04,3490.106689453125,2276.879150390625,2253.064208984375,2227.7431640625,41010.0,1096.973388671875,376.0116882324219,31903.4453125
2023-08-07,3490.106689453125,2287.88525390625,2264.5546875,2234.441650390625,40680.0,1096.973388671875,376.0116882324219,31990.5859375
2023-08-08,3551.50244140625,2293.627685546875,2270.778564453125,2244.01123046875,40460.0,1099.8753662109375,380.6749572753906,32087.408203125
2023-08-09,3560.947998046875,2286.44970703125,2263.1181640625,2237.3125,40350.0,1092.1365966796875,380.6749572753906,31951.85546875
2023-08-10,3584.561767578125,2306.54833984375,2284.662841796875,2254.537109375,40340.0,1096.4896240234375,380.6749572753906,32232.64453125
2023-08-14,3560.947998046875,2285.01416015625,2261.203125,2232.52783203125,39490.0,1089.71826171875,376.2020263671875,31835.666015625
2023-08-15,3575.1162109375,2292.1923828125,2268.863525390625,2240.18310546875,39270.0,1093.587646484375,376.2020263671875,31980.90234375
2023-08-16,3575.1162109375,2263.47998046875,2242.052734375,2214.345947265625,39000.0,1075.691650390625,376.2020263671875,31525.830078125
2023-08-17,3551.50244140625,2253.430908203125,2231.99853515625,2204.77685546875,39000.0,1073.7569580078125,376.2020263671875,31351.548828125
2023-08-18,3527.888671875,2238.59619140625,2215.24169921875,2188.5087890625,38640.0,1068.4365234375,369.2547302246094,31186.947265625
2023-08-21,3546.77978515625,2244.817138671875,2222.42333984375,2195.207275390625,38270.0,1066.5018310546875,369.1595458984375,31312.818359375
2023-08-22,3570.3935546875,2269.700927734375,2244.92529296875,2217.217041015625,38170.0,1084.397705078125,372.8711242675781,31603.2890625
2023-08-23,3579.8388671875,2279.750244140625,2257.373046875,2230.614013671875,38630.0,1084.397705078125,374.1083068847656,31758.208984375
2023-08-24,3565.670654296875,2290.756591796875,2266.4697265625,2237.3125,38640.0,1091.1693115234375,374.1083068847656,31990.5859375
2023-08-25,3546.77978515625,2269.222412109375,2246.361328125,2220.087646484375,38910.0,1079.56103515625,368.77886962890625,31361.228515625
2023-08-28,3579.8388671875,2304.15576171875,2279.396484375,2250.70947265625,39000.0,1095.03857421875,379.2474365234375,31942.171875
2023-08-29,3584.561767578125,2306.54833984375,2283.226318359375,2256.451416015625,39420.0,1094.554931640625,382.5783386230469,31961.537109375
2023-08-30,3584.561767578125,2317.5546875,2293.75927734375,2266.977294921875,38880.0,1099.8753662109375,383.7203674316406,32077.7265625
2023-08-31,3589.2841796875,2333.824951171875,2307.16455078125,2281.331298828125,38900.0,1109.065185546875,383.7203674316406,32368.197265625
2023-09-01,3612.89794921875,2352.00927734375,2327.75146484375,2299.51318359375,39230.0,1121.640625,383.7203674316406,32474.703125
2023-09-04,3655.402587890625,2375.93603515625,2353.1259765625,2323.4365234375,39790.0,1132.7652587890625,385.7189025878906,32639.3046875
2023-09-05,3674.293701171875,2378.807373046875,2354.562255859375,2326.307373046875,40170.0,1134.6998291015625,385.8140563964844,32736.130859375
2023-09-06,3697.907470703125,2396.513427734375,2373.23388671875,2342.5751953125,40070.0,1144.3734130859375,389.4305114746094,32968.5078125
2023-09-07,3768.74853515625,2389.335205078125,2362.701171875,2333.005859375,39710.0,1137.6019287109375,391.1435241699219,32755.4921875
2023-09-08,3787.639404296875,2363.494140625,2337.805419921875,2309.08251953125,39290.0,1127.4447021484375,389.3353271484375,32329.466796875
2023-09-11,3773.47119140625,2364.929931640625,2340.67822265625,2310.03955078125,39800.0,1131.314208984375,389.3353271484375,32232.64453125
2023-09-12,3834.866943359375,2384.5498046875,2360.307373046875,2329.17822265625,39890.0,1140.50390625,389.3353271484375,32523.1171875
2023-09-13,3801.8076171875,2381.6787109375,2359.349853515625,2328.22119140625,39560.0,1139.052978515625,381.7218322753906,32445.658203125
2023-09-14,3815.975830078125,2410.390869140625,2385.203125,2355.972412109375,39900.0,1152.5958251953125,390.76287841796875,32929.77734375
2023-09-15,3806.530517578125,2432.403564453125,2408.66259765625,2378.93896484375,39960.0,1170.0081787109375,399.708740234375,33317.0703125
2023-09-19,3839.589599609375,2434.317626953125,2408.66259765625,2380.852783203125,39790.0,1167.58984375,399.708740234375,32987.8671875
2023-09-20,3773.47119140625,2408.955322265625,2384.24560546875,2356.92919921875,39800.0,1156.948974609375,397.23431396484375,32755.4921875
2023-09-21,3749.857666015625,2388.378173828125,2364.137451171875,2333.962890625,39310.0,1143.406005859375,395.04547119140625,32348.83203125
2023-09-22,3730.966796875,2380.242919921875,2355.519775390625,2327.264404296875,40000.0,1143.406005859375,396.1874694824219,32155.185546875
2023-09-25,3773.47119140625,2391.72802734375,2367.489013671875,2335.876708984375,40190.0,1144.3734130859375,390.00146484375,32435.97265625
2023-09-26,3768.74853515625,2376.414794921875,2353.604736328125,2323.4365234375,39990.0,1139.052978515625,390.00146484375,32097.091796875
2023-09-27,3797.0849609375,2381.199951171875,2357.43505859375,2329.17822265625,40010.0,1138.5693359375,394.6647644042969,32077.7265625
2023-09-28,3792.3623046875,2371.15087890625,2347.859619140625,2315.78125,39900.0,1136.15087890625,394.6647644042969,31825.984375
2023-09-29,3721.521240234375,2349.61669921875,2324.400146484375,2296.642578125,40360.0,1127.928466796875,394.6647644042969,31845.349609375
2023-10-02,3683.7392578125,2339.5673828125,2316.260986328125,2287.0732421875,40250.0,1122.1243896484375,386.19476318359375,31738.84375
2023-10-03,3612.89794921875,2300.805908203125,2277.00244140625,2249.752685546875,39530.0,1105.19580078125,376.0116882324219,31186.947265625
2023-10-04,3570.3935546875,2241.94580078125,2220.029541015625,2192.336669921875,38950.0,1080.5284423828125,370.3016052246094,30538.228515625
2023-10-05,3664.84814453125,2289.321044921875,2264.5546875,2235.398681640625,39100.0,1103.2611083984375,370.3016052246094,31032.029296875
2023-10-06,3679.016357421875,2288.36376953125,2264.5546875,2236.35546875,39030.0,1095.03857421875,370.3016052246094,30973.935546875
2023-10-10,3707.35302734375,2335.739013671875,2310.99462890625,2282.288330078125,39600.0,1123.575439453125,375.05999755859375,31709.794921875
2023-10-11,3650.679931640625,2331.91064453125,2307.643310546875,2279.41748046875,39680.0,1125.0263671875,387.8126220703125,31893.76171875
2023-10-12,3631.7890625,2366.843994140625,2341.15673828125,2311.953369140625,39670.0,1146.3079833984375,383.3396911621094,32445.658203125
2023-10-13,3598.729736328125,2333.346435546875,2309.07958984375,2281.331298828125,39600.0,1130.8304443359375,387.62225341796875,32261.69140625
2023-10-16,3570.3935546875,2297.9345703125,2272.21484375,2244.968017578125,38920.0,1114.385498046875,381.0556335449219,31603.2890625
2023-10-17,3542.056884765625,2314.205078125,2292.32275390625,2264.106689453125,39260.0,1123.0916748046875,388.2884521484375,31980.90234375
2023-10-18,3537.334228515625,2320.42578125,2296.6318359375,2268.89111328125,39260.0,1124.542724609375,388.2884521484375,32019.6328125
2023-10-19,3523.166015625,2286.928466796875,2264.5546875,2237.3125,38460.0,1104.7120361328125,380.6749572753906,31429.0078125
2023-10-20,3542.056884765625,2278.793212890625,2256.415771484375,2228.699951171875,38610.0,1101.81005859375,380.6749572753906,31254.72265625
2023-10-23,3499.55224609375,2262.52294921875,2239.179931640625,2212.43212890625,38300.0,1093.587646484375,380.6749572753906,30964.251953125
2023-10-24,3490.106689453125,2264.91552734375,2240.137451171875,2214.345947265625,38500.0,1091.1693115234375,372.0146179199219,31070.7578125
2023-10-25,3523.166015625,2277.836181640625,2254.500732421875,2226.7861328125,38900.0,1101.326416015625,372.0146179199219,31225.677734375
2023-10-26,3542.056884765625,2246.252685546875,2222.902099609375,2195.207275390625,38650.0,1078.5936279296875,372.0146179199219,30547.91015625
2023-10-27,3598.729736328125,2280.22900390625,2258.33056640625,2229.6572265625,38800.0,1095.03857421875,359.357177734375,30983.6171875
2023-10-30,3551.50244140625,2254.3876953125,2231.52001953125,2203.81982421875,38710.0,1088.2672119140625,359.7378234863281,30673.78125
2023-10-31,3627.066162109375,2278.793212890625,2256.415771484375,2226.7861328125,38400.0,1097.4569091796875,359.7378234863281,30877.111328125
2023-11-01,3627.066162109375,2336.696044921875,2310.99462890625,2283.245361328125,38990.0,1129.3795166015625,373.06146240234375,31545.1953125
2023-11-02,3594.007080078125,2348.659423828125,2322.485107421875,2293.771484375,39050.0,1137.1182861328125,380.5798034667969,31913.126953125
2023-11-06,3513.720458984375,2385.028564453125,2360.307373046875,2330.135009765625,39330.0,1151.144775390625,384.4817199707031,32658.669921875
2023-11-07,3532.611572265625,2357.273193359375,2331.102783203125,2302.384033203125,39470.0,1143.406005859375,380.7701416015625,32242.328125
2023-11-08,3466.492919921875,2329.51806640625,2305.728271484375,2278.460693359375,39500.0,1133.7325439453125,380.7701416015625,32145.501953125
2023-11-09,3513.720458984375,2361.580078125,2335.890380859375,2309.08251953125,39210.0,1142.92236328125,380.7701416015625,32639.3046875
2023-11-10,3532.611572265625,2361.580078125,2337.805419921875,2308.12548828125,38910.0,1143.406005859375,380.7701416015625,32542.478515625
2023-11-13,3485.384033203125,2361.580078125,2336.369140625,2307.168701171875,38910.0,1145.824462890625,380.7701416015625,32523.1171875
2023-11-14,3513.720458984375,2368.758056640625,2345.944580078125,2315.78125,39250.0,1141.9549560546875,380.7701416015625,32697.400390625
2023-11-15,3513.720458984375,2399.863037109375,2374.19140625,2343.5322265625,39180.0,1159.8509521484375,380.7701416015625,33481.671875
2023-11-16,3494.829345703125,2393.64208984375,2367.489013671875,2337.790771484375,39100.0,1168.55712890625,384.2913818359375,33365.48046875
2023-11-17,3546.77978515625,2416.61181640625,2390.4697265625,2363.627685546875,38700.0,1179.6815185546875,385.3382263183594,33539.765625
2023-11-20,3523.166015625,2399.384521484375,2373.712890625,2347.35986328125,38990.0,1169.5244140625,392.09521484375,33336.4375
2023-11-21,3542.056884765625,2393.64208984375,2367.967529296875,2341.618408203125,39200.0,1162.269287109375,397.7101745605469,33326.75
2023-11-22,3570.3935546875,2403.69140625,2377.54296875,2350.230712890625,38900.0,1160.8182373046875,397.7101745605469,33404.2109375
2023-11-24,3579.8388671875,2417.56884765625,2392.86328125,2364.5849609375,39100.0,1170.4918212890625,390.19183349609375,33597.859375
2023-11-27,3589.2841796875,2407.041015625,2384.24560546875,2353.1015625,38480.0,1170.4918212890625,386.95611572265625,33384.84765625
2023-11-28,3617.62060546875,2401.77734375,2378.979248046875,2347.35986328125,38160.0,1162.7530517578125,386.95611572265625,33365.48046875
2023-11-29,3584.561767578125,2388.378173828125,2364.616455078125,2334.919677734375,38110.0,1156.948974609375,386.95611572265625,33268.66015625
2023-11-30,3617.62060546875,2398.906005859375,2376.58544921875,2343.5322265625,38060.0,1153.07958984375,386.95611572265625,33413.8984375
2023-12-01,3594.007080078125,2408.476806640625,2384.24560546875,2353.1015625,38270.0,1165.655029296875,394.9502868652344,33404.2109375
2023-12-04,3584.561767578125,2385.5068359375,2362.222412109375,2333.005859375,37710.0,1151.144775390625,398.4715270996094,33152.46875
2023-12-05,3570.3935546875,2368.279541015625,2342.59326171875,2312.910400390625,37570.0,1144.8570556640625,394.9502868652344,32736.130859375
2023-12-06,3598.729736328125,2414.697509765625,2389.99072265625,2358.843017578125,38450.0,1157.916259765625,394.9502868652344,33384.84765625
2023-12-07,3570.3935546875,2384.5498046875,2359.82861328125,2331.092041015625,38400.0,1150.6611328125,399.6135559082031,32823.26953125
2023-12-08,3494.829345703125,2348.659423828125,2321.527587890625,2296.642578125,36290.0,1142.438720703125,392.0000305175781,32426.29296875
2023-12-11,3575.1162109375,2383.1142578125,2358.87109375,2330.135009765625,35970.0,1147.2755126953125,392.0000305175781,32794.22265625
2023-12-12,3584.561767578125,2379.7646484375,2354.562255859375,2326.307373046875,36270.0,1149.69384765625,392.0000305175781,32794.22265625
2023-12-13,3551.50244140625,2379.285888671875,2355.99853515625,2325.3505859375,36100.0,1149.2100830078125,392.0000305175781,32900.7265625
2023-12-14,3551.50244140625,2347.223876953125,2322.9638671875,2294.728515625,35450.0,1128.412109375,392.0000305175781,32619.939453125
2023-12-15,3518.443115234375,2358.708740234375,2334.932861328125,2303.341064453125,35260.0,1134.21630859375,392.0000305175781,32929.77734375
2023-12-18,3513.720458984375,2340.5244140625,2317.218505859375,2288.030029296875,35630.0,1127.4447021484375,384.4817199707031,32736.130859375
2023-12-19,3537.334228515625,2358.23046875,2335.411865234375,2306.211669921875,35600.0,1132.7652587890625,385.43341064453125,33181.51953125
2023-12-20,3523.166015625,2374.50048828125,2353.1259765625,2322.4794921875,35500.0,1148.2427978515625,384.2913818359375,33655.953125
2023-12-21,3504.27490234375,2348.659423828125,2328.708984375,2294.728515625,35800.0,1131.314208984375,392.09521484375,33113.73828125
2023-12-22,3518.443115234375,2360.623046875,2337.805419921875,2308.12548828125,35430.0,1133.7325439453125,407.9884033203125,33142.7890625
2023-12-25,3508.997802734375,2361.580078125,2338.76318359375,2310.03955078125,35600.0,1140.50390625,392.7613830566406,33210.56640625
2023-12-26,3523.166015625,2363.97265625,2339.24169921875,2309.08251953125,35400.0,1138.0855712890625,393.14208984375,33249.296875
2023-12-27,3546.77978515625,2390.770751953125,2366.052490234375,2334.919677734375,35500.0,1150.6611328125,397.80535888671875,33655.953125
2023-12-28,3560.947998046875,2389.81396484375,2364.616455078125,2335.876708984375,36500.0,1151.6285400390625,397.80535888671875,33559.12890625
2023-12-29,3560.947998046875,2392.20654296875,2369.404052734375,2340.661376953125,36510.0,1154.5306396484375,394.0937805175781,33423.578125
2024-01-04,3603.452392578125,2407.041015625,2381.373046875,2352.144775390625,35500.0,1160.8182373046875,386.67059326171875,33288.02734375
2024-01-05,3636.51171875,2421.875732421875,2395.736083984375,2369.369384765625,35900.0,1167.58984375,392.09521484375,33433.2578125
2024-01-09,3669.571044921875,2441.49560546875,2414.886474609375,2386.59423828125,35400.0,1177.26318359375,399.708740234375,33772.140625
2024-01-10,3693.184814453125,2473.0791015625,2447.442626953125,2420.0869140625,35750.0,1192.74072265625,409.2255859375,34459.59375
2024-01-11,3674.293701171875,2513.7548828125,2485.74365234375,2457.4072265625,35750.0,1226.1142578125,406.2753601074219,35079.265625
2024-01-12,3660.12548828125,2524.76123046875,2497.712890625,2468.890625,35550.0,1239.1734619140625,406.84637451171875,35573.06640625
2024-01-15,3679.016357421875,2537.681640625,2509.681884765625,2479.416748046875,35580.0,1248.3634033203125,408.6545715332031,35669.890625
2024-01-16,3683.7392578125,2533.853271484375,2510.16064453125,2476.546142578125,35350.0,1255.134765625,414.9356994628906,35698.9375
2024-01-17,3707.35302734375,2525.71826171875,2497.712890625,2468.890625,35650.0,1248.8470458984375,414.9356994628906,35495.609375
2024-01-18,3712.07568359375,2521.889892578125,2494.840087890625,2465.06298828125,35100.0,1245.945068359375,418.2666320800781,35485.921875
2024-01-19,3697.907470703125,2540.552978515625,2513.033203125,2484.201416015625,36190.0,1259.48779296875,426.35595703125,35999.08984375
2024-01-22,3716.79833984375,2576.921875,2550.376953125,2519.608154296875,36190.0,1276.41650390625,425.404296875,36580.03515625
2024-01-23,3688.4619140625,2571.657958984375,2546.546875,2515.780517578125,36310.0,1280.7696533203125,428.25933837890625,36531.625
2024-01-24,3660.12548828125,2559.2158203125,2531.705078125,2500.469482421875,36450.0,1274.9654541015625,425.49945068359375,36221.78515625
2024-01-25,3702.630126953125,2562.565673828125,2534.57763671875,2503.34033203125,37400.0,1260.455322265625,425.404296875,36270.1953125
2024-01-26,3679.016357421875,2529.06787109375,2501.06396484375,2470.804443359375,37690.0,1242.0755615234375,420.74102783203125,35737.6640625
2024-01-29,3726.243896484375,2557.3017578125,2531.22607421875,2503.34033203125,37660.0,1254.16748046875,429.21099853515625,36047.50390625
2024-01-30,3707.35302734375,2558.2587890625,2531.22607421875,2499.5126953125,37200.0,1272.0634765625,432.9225769042969,36076.55078125
2024-01-31,3740.412109375,2583.142578125,2556.600830078125,2523.435791015625,36640.0,1272.0634765625,433.01776123046875,36289.5625
2024-02-01,3740.412109375,2561.608642578125,2536.971435546875,2507.16796875,36500.0,1273.998046875,432.0660705566406,35999.08984375
2024-02-02,3820.69873046875,2568.78662109375,2544.631591796875,2511.95263671875,36030.0,1272.0634765625,433.01776123046875,36202.421875
2024-02-05,3834.866943359375,2590.79931640625,2564.73974609375,2531.09130859375,36500.0,1281.7369384765625,433.01776123046875,36396.06640625
2024-02-06,3844.3125,2569.74365234375,2543.674072265625,2511.95263671875,37780.0,1286.0899658203125,432.7322692871094,36144.32421875
2024-02-07,3877.37158203125,2581.70703125,2554.685791015625,2521.52197265625,37730.0,1287.541015625,435.6824951171875,36231.46484375
2024-02-08,3844.3125,2594.62744140625,2567.6123046875,2533.962158203125,37900.0,1297.6981201171875,428.4496765136719,36880.1875
2024-02-09,3811.253173828125,2587.927978515625,2562.345703125,2530.134521484375,37870.0,1294.3123779296875,437.7762145996094,36918.91796875
2024-02-13,3834.866943359375,2643.916748046875,2619.31884765625,2586.593505859375,38130.0,1334.9410400390625,445.38970947265625,37974.296875
2024-02-14,3353.147216796875,2616.64013671875,2588.198974609375,2555.9716796875,38250.0,1326.23486328125,445.38970947265625,37732.234375
2024-02-15,3291.75146484375,2624.296875,2600.647216796875,2564.583984375,37910.0,1330.5880126953125,445.38970947265625,38167.9453125
2024-02-16,3277.583251953125,2658.27294921875,2633.202880859375,2597.119873046875,38700.0,1351.8697509765625,456.2389221191406,38497.14453125
2024-02-19,3395.65185546875,2673.107666015625,2646.129638671875,2614.3447265625,38200.0,1354.2880859375,457.3809814453125,38468.09765625
2024-02-20,3362.5927734375,2666.408203125,2645.172119140625,2604.775146484375,38480.0,1335.4248046875,456.8099365234375,38410.00390625
2024-02-21,3390.92919921875,2660.187255859375,2631.766845703125,2600.947509765625,39380.0,1340.2615966796875,456.8099365234375,38303.49609375
2024-02-22,3353.147216796875,2695.598876953125,2667.674072265625,2633.4833984375,39590.0,1359.1248779296875,459.6650085449219,39155.546875
2024-02-26,3291.75146484375,2706.126708984375,2679.64306640625,2647.83740234375,39330.0,1366.3798828125,472.0369567871094,39223.3203125
2024-02-27,3338.97900390625,2710.912109375,2682.994384765625,2647.83740234375,38790.0,1370.73291015625,466.32684326171875,39271.734375
2024-02-28,3320.087890625,2708.997802734375,2680.121826171875,2647.83740234375,39000.0,1366.3798828125,466.32684326171875,39213.640625
2024-02-29,3367.3154296875,2707.083740234375,2685.8671875,2644.966552734375,38840.0,1366.863525390625,466.32684326171875,39213.640625
2024-03-01,3348.424560546875,2744.40966796875,2714.114013671875,2682.286865234375,38850.0,1393.94921875,466.80267333984375,39949.50390625
2024-03-04,3315.365234375,2743.45263671875,2714.114013671875,2678.459228515625,38900.0,1394.4329833984375,491.1658630371094,40143.1484375
2024-03-05,3334.25634765625,2756.373046875,2727.51953125,2691.8564453125,39180.0,1399.75341796875,482.5055236816406,40201.24609375
2024-03-06,3461.770263671875,2765.94384765625,2737.0947265625,2703.339599609375,39310.0,1401.6881103515625,476.7953796386719,40133.46484375
2024-03-07,3428.7109375,2751.109130859375,2724.168212890625,2690.8994140625,38600.0,1392.0146484375,475.1775207519531,39639.6640625
2024-03-08,3494.829345703125,2760.201171875,2729.913330078125,2712.90869140625,38320.0,1393.4656982421875,474.9871826171875,39707.44140625
2024-03-11,3452.32470703125,2701.81982421875,2672.9404296875,2643.052490234375,38590.0,1363.477783203125,461.66357421875,38855.390625
2024-03-12,3433.433837890625,2689.3779296875,2661.4501953125,2629.655517578125,38860.0,1345.0982666015625,449.006103515625,38855.390625
2024-03-13,3428.7109375,2679.80712890625,2654.2685546875,2621.043212890625,38580.0,1348.000244140625,455.5727844238281,38758.5703125
2024-03-14,3490.106689453125,2697.034423828125,2670.06787109375,2637.31103515625,38580.0,1345.5819091796875,459.76019287109375,38884.4375
2024-03-15,3499.55224609375,2704.21240234375,2677.249267578125,2642.095703125,38440.0,1349.4512939453125,460.61669921875,38739.20703125
2024-03-18,3542.056884765625,2756.373046875,2728.477294921875,2692.813232421875,38850.0,1382.8248291015625,473.9403381347656,39765.53515625
2024-03-19,3579.8388671875,2783.649658203125,2757.681640625,2722.478271484375,39140.0,1397.3350830078125,467.6591796875,40026.9609375
2024-03-21,3594.007080078125,2831.024658203125,2803.164306640625,2767.4541015625,39350.0,1424.9044189453125,479.3649597167969,40830.59765625
2024-03-22,3631.7890625,2851.60205078125,2821.357421875,2784.678955078125,38880.0,1439.4146728515625,482.5055236816406,40956.46875
2024-03-25,3645.957275390625,2811.40478515625,2784.013671875,2747.3583984375,39270.0,1413.2962646484375,476.7002258300781,40491.71484375
2024-03-26,3622.343505859375,2819.061279296875,2790.237548828125,2754.056884765625,39170.0,1421.03515625,473.9403381347656,40462.66796875
2024-03-27,3622.343505859375,2835.331787109375,2804.6005859375,2769.3681640625,39030.0,1428.7738037109375,472.1321105957031,40820.91796875
2024-03-28,3588.399169921875,2811.40478515625,2784.97119140625,2750.229248046875,39140.0,1418.133056640625,471.08526611328125,40462.66796875
2024-03-29,3627.192626953125,2828.632080078125,2799.333984375,2762.66943359375,39080.0,1422.00244140625,471.08526611328125,40646.63671875
2024-04-01,3559.303955078125,2779.343017578125,2750.500244140625,2716.736572265625,39560.0,1395.4002685546875,471.08526611328125,40133.46484375
2024-04-02,3554.454833984375,2771.207763671875,2742.361328125,2710.0380859375,39560.0,1394.4329833984375,474.5113525390625,40075.375
2024-04-03,3569.00244140625,2806.619384765625,2736.13720703125,2707.167236328125,39100.0,1390.0799560546875,473.84515380859375,39930.13671875
2024-04-04,3564.1533203125,2794.177734375,2763.905517578125,2733.96142578125,39750.0,1407.9759521484375,463.56695556640625,40114.1015625
2024-04-05,3554.454833984375,2775.5146484375,2732.785888671875,2702.382568359375,39390.0,1389.1126708984375,485.3605651855469,39300.78125
2024-04-08,3564.1533203125,2786.999267578125,2758.63916015625,2726.305908203125,39450.0,1405.0738525390625,485.3605651855469,39610.62109375
2024-04-09,3578.70068359375,2813.319091796875,2784.013671875,2751.186279296875,39060.0,1422.00244140625,485.3605651855469,40026.9609375
2024-04-10,3559.303955078125,2802.791259765625,2773.48095703125,2739.702880859375,38620.0,1413.2962646484375,475.84368896484375,39833.3125
2024-04-11,3559.303955078125,2808.05517578125,2778.2685546875,2744.48779296875,39020.0,1407.4921875,475.84368896484375,39755.85546875
2024-04-12,3569.00244140625,2818.1044921875,2792.152587890625,2755.970947265625,38910.0,1407.9759521484375,475.84368896484375,39852.67578125
2024-04-15,3569.00244140625,2810.926513671875,2781.14111328125,2747.3583984375,39690.0,1402.6553955078125,464.4234619140625,39504.11328125
2024-04-16,3491.415283203125,2755.416015625,2725.125732421875,2692.813232421875,39970.0,1377.988037109375,472.5128173828125,38739.20703125
2024-04-17,3462.3203125,2721.439697265625,2692.091064453125,2659.320556640625,39900.0,1360.575927734375,475.74853515625,38284.1328125
2024-04-18,3476.867919921875,2734.3603515625,2707.89013671875,2673.674560546875,40000.0,1367.3472900390625,474.70166015625,38371.2734375
2024-04-19,3433.22509765625,2686.028076171875,2656.66259765625,2623.9140625,39490.0,1336.39208984375,469.1819152832031,37354.62109375
2024-04-22,3481.717041015625,2728.139404296875,2694.48486328125,2666.01904296875,40000.0,1349.4512939453125,472.0369567871094,37751.6015625
2024-04-23,3491.415283203125,2719.525634765625,2684.909423828125,2696.640869140625,39600.0,1349.4512939453125,474.6065368652344,37877.47265625
2024-04-24,3481.717041015625,2766.90087890625,2738.05224609375,2706.21044921875,39980.0,1381.373779296875,475.84368896484375,38729.51953125
2024-04-25,3442.923583984375,2722.39697265625,2695.4423828125,2660.277587890625,40000.0,1361.543212890625,475.84368896484375,37906.51953125
2024-04-26,3467.16943359375,2743.45263671875,2712.677978515625,2680.373046875,40300.0,1377.020751953125,475.36785888671875,38206.67578125
2024-04-30,3501.11376953125,2802.3125,2770.12939453125,2739.702880859375,41500.0,1413.2962646484375,480.5069580078125,38652.06640625
2024-05-01,3476.867919921875,2789.39208984375,2759.117919921875,2727.2626953125,41550.0,1406.0411376953125,479.65045166015625,38516.5078125
2024-05-02,3491.415283203125,2795.613037109375,2761.511962890625,2726.305908203125,41320.0,1402.6553955078125,479.65045166015625,38497.14453125
2024-05-07,3476.867919921875,2805.662353515625,2777.789794921875,2743.53076171875,41750.0,1410.394287109375,471.08526611328125,39068.40625
2024-05-08,3462.3203125,2822.4111328125,2740.4462890625,2707.167236328125,41260.0,1384.759521484375,471.08526611328125,38516.5078125
2024-05-09,3472.0185546875,2772.643310546875,2744.276123046875,2713.86572265625,41540.0,1382.341064453125,471.08526611328125,38342.2265625
2024-05-10,3675.6845703125,2787.47802734375,2758.63916015625,2725.348876953125,42000.0,1394.4329833984375,467.37371826171875,38593.96875
2024-05-13,3646.58935546875,2783.649658203125,2756.245361328125,2722.478271484375,42310.0,1389.1126708984375,461.0925598144531,38477.77734375
2024-05-14,3646.58935546875,2786.999267578125,2760.075439453125,2725.348876953125,42350.0,1392.0146484375,462.2345886230469,38593.96875
2024-05-15,3627.192626953125,2792.26318359375,2764.863037109375,2732.047607421875,42500.0,1404.1064453125,462.52008056640625,38661.74609375
2024-05-16,3593.248291015625,2797.52734375,2768.693359375,2734.91845703125,42500.0,1411.361572265625,463.4717712402344,39233.0078125
2024-05-17,3617.494384765625,2807.57666015625,2779.22607421875,2742.573974609375,41790.0,1416.1983642578125,463.4717712402344,39078.08984375
2024-05-20,3636.89111328125,2831.98193359375,2803.64306640625,2785.635986328125,42550.0,1424.9044189453125,466.32684326171875,39368.55859375
2024-05-21,3627.192626953125,2821.4541015625,2793.110107421875,2759.798583984375,42550.0,1420.5513916015625,463.4717712402344,39223.3203125
2024-05-22,3607.7958984375,2798.962890625,2770.12939453125,2734.91845703125,42500.0,1416.1983642578125,463.3765869140625,38952.21875
2024-05-23,3602.94677734375,2816.668701171875,2789.280029296875,2753.10009765625,41880.0,1422.4862060546875,463.3765869140625,39426.65234375
2024-05-24,3598.097412109375,2803.748291015625,2773.48095703125,2740.659912109375,41950.0,1414.747314453125,474.41619873046875,38942.53515625
2024-05-27,3612.64501953125,2827.196533203125,2800.7705078125,2763.62646484375,41860.0,1426.8392333984375,461.187744140625,39174.91015625
2024-05-28,3607.7958984375,2831.024658203125,2802.206787109375,2767.4541015625,41970.0,1430.224853515625,462.04425048828125,39145.86328125
2024-05-29,3593.248291015625,2801.355712890625,2774.917236328125,2739.702880859375,41700.0,1420.0677490234375,461.5683898925781,38845.7109375
2024-05-30,3612.64501953125,2786.52099609375,2758.160400390625,2727.2626953125,41410.0,1404.1064453125,456.8099365234375,38342.2265625
2024-05-31,3661.136962890625,2835.331787109375,2824.708740234375,2772.23876953125,41260.0,1434.0943603515625,458.0471496582031,38768.25
2024-06-03,3704.779541015625,2862.1298828125,2832.84765625,2798.076171875,41210.0,1447.153564453125,464.4234619140625,39223.3203125
2024-06-04,3724.176513671875,2850.644775390625,2822.314697265625,2786.5927734375,41320.0,1442.3167724609375,464.4234619140625,39097.453125
2024-06-05,3733.874755859375,2808.53369140625,2781.14111328125,2746.401611328125,41300.0,1414.2635498046875,455.8582763671875,38748.88671875
2024-06-06,3724.176513671875,2818.1044921875,2790.237548828125,2755.01416015625,41300.0,1423.9371337890625,464.61383056640625,39000.62890625
2024-06-07,3714.47802734375,2816.190185546875,2788.80126953125,2752.14306640625,40960.0,1420.0677490234375,458.23748779296875,38942.53515625
2024-06-10,3729.025634765625,2844.902587890625,2817.52734375,2781.808349609375,41090.0,1439.8984375,458.8085021972656,39329.828125
2024-06-11,3704.779541015625,2838.681396484375,2811.781982421875,2775.109619140625,40880.0,1437.9637451171875,456.8099365234375,39446.01953125
2024-06-12,3714.47802734375,2817.147216796875,2787.84375,2754.056884765625,40500.0,1424.9044189453125,456.8099365234375,39165.23046875
2024-06-13,3665.986083984375,2798.962890625,2762.469482421875,2729.1767578125,40710.0,1414.2635498046875,456.8099365234375,39019.9921875
2024-06-14,3733.874755859375,2810.44775390625,2779.704833984375,2745.444580078125,41000.0,1415.714599609375,456.8099365234375,39116.81640625
2024-06-17,3748.42236328125,2759.722900390625,2731.828369140625,2695.68408203125,40960.0,1386.2105712890625,451.0998229980469,38380.95703125
2024-06-18,3796.914306640625,2775.5146484375,2749.06396484375,2715.77978515625,40500.0,1389.59619140625,453.0032043457031,38710.15625
2024-06-19,3845.406005859375,2794.656005859375,2763.905517578125,2727.2626953125,40880.0,1407.4921875,450.3385009765625,38797.296875
2024-06-20,3850.25537109375,2789.39208984375,2760.075439453125,2726.305908203125,40780.0,1400.7208251953125,449.19647216796875,38903.8046875
2024-06-21,3830.858642578125,2783.649658203125,2757.202880859375,2719.607421875,40850.0,1400.7208251953125,445.4848937988281,38874.7578125
2024-06-24,3884.19970703125,2800.877197265625,2773.48095703125,2739.702880859375,40990.0,1411.361572265625,445.4848937988281,39097.453125
2024-06-25,3990.8818359375,2849.68798828125,2822.314697265625,2782.76513671875,40800.0,1440.382080078125,438.2520446777344,39455.69921875
2024-06-26,3986.032470703125,2862.608154296875,2834.283935546875,2798.076171875,40480.0,1452.473876953125,451.0046691894531,39988.234375
2024-06-27,4044.222900390625,2856.865966796875,2825.187255859375,2791.37744140625,40900.0,1449.088134765625,451.0046691894531,39639.6640625
2024-06-28,3961.78662109375,2876.964599609375,2842.423095703125,2812.43017578125,41150.0,1460.6962890625,451.0046691894531,39891.40625
2024-07-01,3952.088134765625,2887.4921875,2858.700927734375,2823.913330078125,41250.0,1469.88623046875,451.0046691894531,39949.50390625
2024-07-02,3927.84228515625,2921.94677734375,2890.778076171875,2855.4921875,41480.0,1498.4229736328125,460.61669921875,40375.52734375
2024-07-03,3918.14404296875,2941.08837890625,2917.589111328125,2869.84619140625,41240.0,1502.7760009765625,464.4234619140625,40908.05859375
2024-07-04,3961.78662109375,2967.886474609375,2938.654541015625,2899.510986328125,41590.0,1521.6392822265625,464.4234619140625,41217.89453125
2024-07-05,3922.9931640625,2956.401611328125,2915.673828125,2830.61181640625,40730.0,1513.4168701171875,465.3751525878906,41246.94140625
2024-07-08,3942.389892578125,2936.302978515625,2906.0986328125,2874.52001953125,40740.0,1509.0638427734375,464.61383056640625,41169.48046875
2024-07-09,3937.540771484375,2909.5048828125,2877.372802734375,2898.913330078125,41200.0,1534.698486328125,462.2345886230469,41401.859375
2024-07-10,3898.7470703125,2979.40185546875,2952.453369140625,2921.355224609375,41500.0,1557.4312744140625,480.79925537109375,42114.24609375
2024-07-11,3922.9931640625,3002.8310546875,2971.980224609375,2946.724365234375,41780.0,1533.24755859375,480.79925537109375,42605.546875
2024-07-12,3903.596435546875,2965.73486328125,2935.855712890625,2896.9619140625,41800.0,1511.9658203125,472.0574645996094,41554.1640625
2024-07-16,3908.445556640625,2974.520751953125,2940.7373046875,2921.355224609375,41700.0,1532.118896484375,473.9029235839844,41632.76953125
2024-07-17,3952.088134765625,2986.2353515625,2953.4296875,2922.3310546875,41600.0,1519.8304443359375,474.97137451171875,41455.90234375
2024-07-18,3956.9375,2937.424560546875,2904.61279296875,2873.544189453125,41490.0,1499.677490234375,475.8455505371094,40453.65234375
2024-07-19,3966.6357421875,2928.638671875,2882.156982421875,2848.175048828125,41730.0,1482.4737548828125,469.1435241699219,40512.60546875
2024-07-22,3932.69140625,2895.935546875,2864.094482421875,2827.6845703125,41000.0,1469.2022705078125,465.35540771484375,39942.69921875
2024-07-23,3927.84228515625,2900.816650390625,2873.369873046875,2833.5390625,40830.0,1469.6937255859375,482.6447448730469,39962.3515625
2024-07-24,3869.652099609375,2884.709228515625,2828.458251953125,2793.53369140625,40240.0,1460.8460693359375,482.6447448730469,39490.703125
2024-07-25,3845.406005859375,2772.932861328125,2750.839111328125,2709.620361328125,39710.0,1394.4886474609375,469.1435241699219,38242.80078125
2024-07-26,3855.1044921875,2765.123046875,2763.04345703125,2706.693115234375,39390.0,1408.251708984375,463.70416259765625,38006.9765625
2024-07-29,3927.84228515625,2824.672119140625,2795.2626953125,2764.26171875,39100.0,1416.6077880859375,457.58489990234375,38852.01171875
2024-07-30,3874.501220703125,2821.25537109375,2789.404541015625,2777.921875,39000.0,1425.4554443359375,458.4590759277344,38832.359375
2024-07-31,3932.69140625,2872.018310546875,2831.87548828125,2803.291015625,40000.0,1440.2015380859375,457.58489990234375,39431.74609375
2024-08-01,3806.612548828125,2769.51611328125,2739.611083984375,2707.6689453125,39060.0,1394.980224609375,446.8033447265625,38458.97265625
2024-08-02,3646.58935546875,2592.821533203125,2572.168701171875,2536.9150390625,38110.0,1302.079833984375,447.96893310546875,36248.12109375
2024-08-05,3345.939697265625,2294.100341796875,2293.911865234375,2234.436767578125,36860.0,1139.38134765625,403.0943298339844,31541.466796875
2024-08-06,3554.454833984375,2460.056640625,2432.55224609375,2401.28759765625,37100.0,1262.265380859375,399.2090759277344,34656.30859375
2024-08-07,3539.9072265625,2562.558837890625,2522.863525390625,2543.7451171875,37100.0,1290.282958984375,410.379150390625,35383.43359375
2024-08-08,3535.05810546875,2495.2001953125,2493.573486328125,2453.9775390625,37370.0,1282.41845703125,404.8426818847656,35108.3046875
2024-08-09,3564.1533203125,2560.6064453125,2519.9345703125,2487.152587890625,37230.0,1266.689208984375,404.8426818847656,35422.73828125
2024-08-13,3680.53369140625,2615.762451171875,2584.373046875,2561.308349609375,37210.0,1301.58837890625,433.2049865722656,36513.42578125
2024-08-14,3719.3271484375,2650.41796875,2613.663330078125,2587.6533203125,37430.0,1310.927490234375,439.90704345703125,36729.59765625
2024-08-15,3748.42236328125,2667.013671875,2633.67822265625,2603.26513671875,37800.0,1340.9112548828125,440.0041809082031,36994.8984375
2024-08-16,3792.06494140625,2752.92041015625,2717.1552734375,2680.348388671875,38430.0,1370.4034423828125,469.6291809082031,38419.66796875
2024-08-19,3792.06494140625,2706.062255859375,2677.12548828125,2645.221923828125,37800.0,1345.82666015625,451.659912109375,37712.1953125
2024-08-20,3796.914306640625,2740.7177734375,2704.951171875,2678.39697265625,38280.0,1356.640380859375,451.659912109375,38488.44921875
2024-08-21,3767.819091796875,2730.467529296875,2699.093017578125,2665.712158203125,37800.0,1354.1827392578125,443.889404296875,38311.58203125
2024-08-22,3777.517578125,2734.860595703125,2709.3447265625,2673.51806640625,37750.0,1359.589599609375,453.6025390625,38488.44921875
2024-08-23,3801.763427734375,2749.015625,2723.013427734375,2687.178466796875,38090.0,1363.0303955078125,448.0660400390625,38753.75390625
2024-08-26,3913.294677734375,2726.074462890625,2695.187744140625,2662.78515625,37700.0,1346.8096923828125,448.26031494140625,38419.66796875
2024-08-27,3937.540771484375,2747.55126953125,2714.226318359375,2684.251220703125,37680.0,1363.0303955078125,456.22509765625,38616.1875
2024-08-28,3942.389892578125,2758.28955078125,2727.89501953125,2693.032958984375,37400.0,1359.589599609375,452.33984375,38675.14453125
2024-08-29,3889.048828125,2761.21826171875,2729.359619140625,2694.984375,37190.0,1376.3018798828125,454.282470703125,38734.1015625
2024-08-30,3864.802978515625,2787.087890625,2744.492919921875,2711.57177734375,38320.0,1379.74267578125,456.6136169433594,38950.2734375
2024-09-02,3879.350341796875,2781.71875,2750.350830078125,2718.402099609375,37370.0,1383.183349609375,456.71075439453125,39009.2265625
2024-09-03,3908.445556640625,2811.4931640625,2766.94873046875,2733.0380859375,37250.0,1384.657958984375,458.4590759277344,39048.53125
2024-09-04,3796.914306640625,2694.34765625,2665.409423828125,2634.48876953125,36800.0,1333.5382080078125,452.6312255859375,37368.28515625
2024-09-05,3874.501220703125,2680.6806640625,2658.086669921875,2620.828369140625,36180.0,1323.2159423828125,468.1722106933594,37024.375
2024-09-06,3937.540771484375,2661.64453125,2631.2373046875,2599.3623046875,36010.0,1293.232177734375,458.4590759277344,36778.7265625
2024-09-09,3952.088134765625,2638.70361328125,2618.056884765625,2581.798828125,35590.0,1291.757568359375,452.6312255859375,36552.7265625
2024-09-10,4063.61962890625,2637.2392578125,2610.24609375,2577.89599609375,35610.0,1296.6729736328125,444.8607177734375,36483.9453125
2024-09-11,4000.580078125,2588.916748046875,2565.822509765625,2531.060546875,35190.0,1266.689208984375,442.0439147949219,35953.33984375
2024-09-12,4063.61962890625,2657.73974609375,2627.33203125,2594.4833984375,35310.0,1302.5714111328125,465.1611328125,37220.89453125
2024-09-13,4053.921142578125,2633.334228515625,2601.947265625,2574.96875,35200.0,1291.757568359375,452.0484313964844,36926.1171875
2024-09-17,4194.5478515625,2617.71484375,2595.11279296875,2562.2841796875,34950.0,1271.113037109375,456.5164794921875,36562.5546875
2024-09-18,4194.5478515625,2623.084228515625,2596.089111328125,2562.2841796875,35130.0,1271.113037109375,456.5164794921875,36680.46484375
2024-09-19,4267.28564453125,2679.21630859375,2651.740478515625,2617.901123046875,36000.0,1312.402099609375,448.7459716796875,37486.19921875
2024-09-20,4373.9677734375,2707.038330078125,2676.149169921875,2641.31884765625,35500.0,1325.18212890625,462.3443298339844,38115.0625
2024-09-24,4383.666015625,2713.3837890625,2691.282470703125,2660.83349609375,38090.0,1338.945068359375,461.3730163574219,38350.88671875
2024-09-25,4320.62646484375,2711.431396484375,2686.400634765625,2654.00341796875,39040.0,1336.4874267578125,461.3730163574219,38232.97265625
2024-09-26,4422.45947265625,2777.81396484375,2752.3037109375,2714.4990234375,40520.0,1363.52197265625,463.3156433105469,39136.96484375
2024-09-27,4335.17431640625,2839.315185546875,2793.798095703125,2770.1162109375,42000.0,1399.404052734375,480.2164611816406,40335.73828125
2024-09-30,4233.34130859375,2728.51513671875,2701.533935546875,2676.4453125,44980.0,1338.945068359375,461.3730163574219,38488.44921875
2024-10-01,4223.642578125,2777.81396484375,2753.280029296875,2715.474853515625,44000.0,1362.538818359375,466.2295837402344,39225.40234375
2024-10-02,4209.09521484375,2740.229736328125,2707.880126953125,2676.4453125,51000.0,1341.894287109375,458.4590759277344,38419.66796875
2024-10-03,4243.03955078125,2774.397216796875,2742.052001953125,2712.547607421875,77220.0,1356.14892578125,458.4590759277344,39127.140625
2024-10-04,4252.73779296875,2784.6474609375,2754.744384765625,2720.353515625,72200.0,1359.589599609375,475.94268798828125,39195.921875
2024-10-07,4262.43603515625,2849.5654296875,2807.955078125,2768.16455078125,68020.0,1400.3870849609375,480.3135986328125,39962.3515625
2024-10-08,4199.39697265625,2794.897705078125,2765.972412109375,2726.2080078125,58020.0,1369.42041015625,480.3135986328125,39500.52734375
2024-10-09,4218.79345703125,2796.36181640625,2767.43701171875,2736.941162109375,48020.0,1377.284912109375,472.5431213378906,39932.87109375
2024-10-10,4213.9443359375,2803.68359375,2777.6884765625,2740.843994140625,46210.0,1379.74267578125,472.5431213378906,40001.65625
2024-10-11,4175.15087890625,2796.36181640625,2768.413330078125,2737.916748046875,45070.0,1383.183349609375,466.2295837402344,40158.87109375
2024-10-15,4189.6982421875,2817.3505859375,2782.570068359375,2755.47998046875,44810.0,1394.4886474609375,475.94268798828125,40542.0859375
2024-10-16,4131.50830078125,2781.230712890625,2757.673583984375,2718.402099609375,44150.0,1368.9288330078125,469.6291809082031,39805.1328125
2024-10-17,4097.56396484375,2775.373291015625,2748.886474609375,2717.42626953125,44000.0,1369.911865234375,469.6291809082031,39530.0078125
2024-10-18,4136.357421875,2778.302001953125,2750.839111328125,2717.42626953125,44420.0,1368.437255859375,480.79925537109375,39559.484375
2024-10-21,4058.770263671875,2777.32568359375,2743.5166015625,2707.6689453125,44750.0,1369.911865234375,482.2562255859375,39618.44140625
2024-10-22,4024.826171875,2758.28955078125,2713.73828125,2676.4453125,45050.0,1356.640380859375,482.6447448730469,38989.578125
2024-10-23,4044.222900390625,2727.538818359375,2700.0693359375,2661.809326171875,46100.0,1351.2335205078125,482.6447448730469,38665.31640625
2024-10-24,4116.96044921875,2724.6103515625,2698.60498046875,2665.712158203125,45400.0,1351.2335205078125,474.8742370605469,38763.578125
2024-10-25,4029.67529296875,2703.62158203125,2680.054443359375,2643.270263671875,45590.0,1339.4366455078125,462.6357116699219,38508.1015625
2024-10-28,4044.222900390625,2748.039306640625,2721.060791015625,2685.22705078125,45410.0,1364.013427734375,504.1107482910156,39235.2265625
2024-10-29,4044.222900390625,2773.4208984375,2743.5166015625,2707.6689453125,45670.0,1373.3526611328125,505.0820617675781,39480.875
2024-10-30,4005.42919921875,2853.95849609375,2771.34228515625,2736.941162109375,44880.0,1389.081787109375,505.1791687011719,39873.91796875
2024-10-31,4019.976806640625,2773.4208984375,2751.327392578125,2719.377685546875,44800.0,1381.21728515625,524.50830078125,39677.3984375
2024-11-01,3956.9375,2731.931884765625,2707.391845703125,2671.566650390625,45330.0,1360.0811767578125,514.795166015625,38675.14453125
2024-11-05,4000.580078125,2748.039306640625,2710.321044921875,2695.960205078125,46200.0,1364.5050048828125,522.6627807617188,39146.79296875
2024-11-06,3913.294677734375,2812.469482421875,2780.12939453125,2728.159423828125,46120.0,1353.691162109375,518.09765625,40109.7421875
2024-11-07,3913.294677734375,2836.874755859375,2803.0732421875,2775.970458984375,47080.0,1403.827880859375,527.4222412109375,39972.17578125
2024-11-08,3913.294677734375,2829.06494140625,2798.191650390625,2765.2373046875,47290.0,1414.150146484375,528.3935546875,40070.4375
2024-11-11,3855.1044921875,2830.529296875,2804.049560546875,2765.2373046875,46460.0,1417.099365234375,508.287353515625,40109.7421875
2024-11-12,3879.350341796875,2835.8984375,2801.12060546875,2768.16455078125,45590.0,1422.0147705078125,508.287353515625,39913.21875
2024-11-13,3830.858642578125,2798.314453125,2770.85400390625,2735.96533203125,46060.0,1395.9632568359375,528.2964477539062,39362.96484375
2024-11-14,3811.461669921875,2792.45703125,2765.484130859375,2731.086669921875,46150.0,1398.9124755859375,520.9144287109375,39156.6171875
2024-11-15,3850.25537109375,2801.242919921875,2774.759521484375,2737.916748046875,46200.0,1419.5570068359375,525.4796142578125,39284.35546875
2024-11-18,3855.1044921875,2785.62353515625,2756.208984375,2724.256591796875,45690.0,1396.454833984375,525.4796142578125,38842.1875
2024-11-19,3908.445556640625,2804.65966796875,2774.759521484375,2734.989501953125,45130.0,1410.2178955078125,526.6452026367188,39019.0546875
2024-11-20,3859.95361328125,2791.968994140625,2764.019775390625,2729.13525390625,45600.0,1408.251708984375,525.8681640625,38999.40234375
2024-11-21,3840.556884765625,2775.373291015625,2744.492919921875,2714.4990234375,45400.0,1395.9632568359375,514.795166015625,38635.83984375
2024-11-22,3821.16015625,2786.111572265625,2757.673583984375,2722.304931640625,44560.0,1406.777099609375,515.6693725585938,38940.4453125
2024-11-25,3830.858642578125,2805.635986328125,2775.73583984375,2733.0380859375,43780.0,1419.5570068359375,515.6693725585938,39382.6171875
2024-11-26,3796.914306640625,2776.837646484375,2756.208984375,2715.474853515625,43550.0,1394.980224609375,515.6693725585938,39048.53125
2024-11-27,3772.668212890625,2754.872802734375,2731.312255859375,2692.05712890625,43600.0,1382.69189453125,515.6693725585938,38753.75390625
2024-11-28,3806.612548828125,2774.88525390625,2752.3037109375,2711.57177734375,43450.0,1399.8956298828125,506.0533447265625,38979.75
2024-11-29,3792.06494140625,2764.635009765625,2738.146728515625,2702.790283203125,43520.0,1394.4886474609375,506.0533447265625,38743.92578125
2024-12-02,3850.25537109375,2802.21923828125,2777.6884765625,2738.892578125,43940.0,1413.6585693359375,529.2677001953125,39107.48828125
2024-12-03,3893.89794921875,2838.8271484375,2810.884033203125,2774.994873046875,43400.0,1436.269287109375,506.83038330078125,39854.265625
2024-12-04,3859.95361328125,2826.136474609375,2799.65625,2761.33447265625,43300.0,1443.1507568359375,506.83038330078125,39814.9609375
2024-12-05,3893.89794921875,2829.55322265625,2801.60888671875,2763.285888671875,42760.0,1430.8624267578125,506.83038330078125,39972.17578125
2024-12-06,3893.89794921875,2815.39794921875,2790.380859375,2749.625732421875,43910.0,1424.9639892578125,504.3050231933594,39706.875
2024-12-09,3932.69140625,2821.743408203125,2799.16796875,2758.4072265625,43840.0,1436.269287109375,504.3050231933594,39756.00390625
2024-12-10,3937.540771484375,2830.529296875,2803.0732421875,2767.18896484375,44710.0,1447.0831298828125,504.3050231933594,39982.00390625
2024-12-11,3903.596435546875,2844.1962890625,2816.25390625,2775.970458984375,44880.0,1445.116943359375,505.0820617675781,40021.3046875
2024-12-12,3952.088134765625,2869.08984375,2837.245361328125,2804.266845703125,44880.0,1461.8292236328125,504.4992980957031,40532.2578125
2024-12-13,3947.239013671875,2838.339111328125,2812.3486328125,2780.84912109375,44220.0,1435.7777099609375,505.0820617675781,40119.56640625
2024-12-16,3898.7470703125,2830.529296875,2800.632568359375,2765.2373046875,44150.0,1437.2523193359375,524.50830078125,40060.609375
2024-12-17,3879.350341796875,2818.814697265625,2786.963623046875,2752.552734375,44630.0,1435.2862548828125,505.3734436035156,40021.3046875
2024-12-18,3830.858642578125,2814.421875,2785.010986328125,2753.528564453125,44730.0,1429.8792724609375,508.77301025390625,39765.83203125
2024-12-19,3879.350341796875,2803.1953125,2777.2001953125,2738.892578125,44930.0,1425.947021484375,503.6250915527344,39461.22265625
2024-12-20,3850.25537109375,2799.778564453125,2763.531494140625,2733.0380859375,45080.0,1401.3702392578125,503.5279846191406,39343.3125
2024-12-23,3903.596435546875,2818.32666015625,2791.845458984375,2759.383056640625,45340.0,1428.4046630859375,506.44189453125,39765.83203125
2024-12-24,3893.89794921875,2820.279052734375,2793.798095703125,2756.455810546875,45730.0,1427.421630859375,506.44189453125,39677.3984375
2024-12-25,3893.89794921875,2829.55322265625,2793.798095703125,2761.33447265625,45860.0,1430.370849609375,487.2099304199219,39697.046875
2024-12-26,3942.389892578125,2863.720703125,2832.851806640625,2796.4609375,46050.0,1456.913818359375,487.2099304199219,40099.9140625
2024-12-27,3990.8818359375,2899.840576171875,2873.369873046875,2833.5390625,46000.0,1481.4906005859375,498.2828674316406,40935.125
2024-12-30,3995.73095703125,2877.875732421875,2849.937744140625,2815.9755859375,46320.0,1464.286865234375,498.2828674316406,40581.390625
2025-01-06,3976.334228515625,2851.02978515625,2821.623779296875,2789.630859375,43790.0,1456.4222412109375,488.56976318359375,39972.17578125
2025-01-07,3937.540771484375,2882.2685546875,2858.236572265625,2817.92724609375,44010.0,1475.1007080078125,491.38653564453125,40709.125
2025-01-08,3879.350341796875,2868.6015625,2838.709716796875,2801.339599609375,44080.0,1472.1514892578125,491.38653564453125,40620.69140625
2025-01-09,3855.1044921875,2843.22021484375,2803.5615234375,2769.140380859375,43860.0,1452.9815673828125,495.3689270019531,40306.26171875
2025-01-10,3840.556884765625,2810.51708984375,2780.12939453125,2747.674072265625,44000.0,1437.743896484375,495.3689270019531,39893.5703125
2025-01-14,3816.31103515625,2779.278076171875,2749.37451171875,2713.5234375,44420.0,1419.5570068359375,514.795166015625,39186.09765625
2025-01-15,3840.556884765625,2786.111572265625,2759.137939453125,2725.232177734375,44060.0,1418.573974609375,491.2893981933594,39068.18359375
2025-01-16,3830.858642578125,2785.62353515625,2755.720703125,2718.402099609375,43760.0,1419.5570068359375,493.4263000488281,39195.921875
2025-01-17,3806.612548828125,2772.444580078125,2743.0283203125,2712.547607421875,43770.0,1415.1331787109375,493.4263000488281,39127.140625
2025-01-20,3859.95361328125,2805.147705078125,2777.2001953125,2743.771240234375,43910.0,1430.370849609375,496.5345153808594,39520.1796875
2025-01-21,3874.501220703125,2815.39794921875,2779.64111328125,2744.746826171875,44160.0,1434.3031005859375,489.63818359375,39628.265625
2025-01-22,3840.556884765625,2831.505615234375,2806.00244140625,2771.091796875,43180.0,1441.1846923828125,489.63818359375,40306.26171875
2025-01-23,3826.00927734375,2848.58935546875,2820.1591796875,2794.509521484375,43970.0,1460.8460693359375,495.3689270019531,40650.171875
2025-01-24,3826.00927734375,2845.66064453125,2817.230224609375,2788.655029296875,44280.0,1453.964599609375,486.8214111328125,40650.171875
2025-01-27,3898.7470703125,2855.4228515625,2826.017333984375,2790.6064453125,45890.0,1453.964599609375,486.8214111328125,40276.78125
2025-01-28,3908.445556640625,2852.982177734375,2823.576416015625,2790.6064453125,46370.0,1449.0491943359375,497.3115539550781,39706.875
2025-01-29,3918.14404296875,2876.8994140625,2845.544189453125,2809.1455078125,45320.0,1457.8968505859375,487.792724609375,40050.78515625
2025-01-30,3976.334228515625,2879.828125,2850.9140625,2814.024169921875,44670.0,1456.4222412109375,497.0201721191406,40168.6953125
2025-01-31,4010.278564453125,2889.59033203125,2855.795654296875,2826.708740234375,44640.0,1468.2191162109375,497.0201721191406,40286.609375
2025-02-03,4204.24609375,2817.838623046875,2785.9873046875,2755.47998046875,43450.0,1433.320068359375,497.0201721191406,39166.4453125
2025-02-04,4112.111328125,2830.529296875,2805.026123046875,2768.16455078125,43860.0,1437.743896484375,506.7332763671875,39451.3984375
2025-02-05,4131.50830078125,2840.29150390625,2812.836669921875,2775.970458984375,43250.0,1451.015380859375,513.532470703125,39490.703125
2025-02-06,4209.09521484375,2851.02978515625,2822.112060546875,2783.7763671875,43110.0,1439.218505859375,504.1107482910156,39706.875
2025-02-07,4189.6982421875,2831.99365234375,2805.026123046875,2768.16455078125,43220.0,1434.794677734375,504.1107482910156,39490.703125
2025-02-10,4121.81005859375,2834.434326171875,2802.096923828125,2768.16455078125,43340.0,1418.573974609375,504.1107482910156,39451.3984375
2025-02-12,4126.6591796875,2830.529296875,2801.60888671875,2766.213134765625,43700.0,1421.0316162109375,504.1107482910156,39608.61328125
2025-02-13,4131.50830078125,2865.673095703125,2834.804443359375,2799.38818359375,44790.0,1438.2354736328125,492.4549865722656,40109.7421875
2025-02-14,4083.016357421875,2854.9345703125,2826.99365234375,2789.630859375,44530.0,1441.6761474609375,514.795166015625,39775.65625
2025-02-17,4068.46875,2863.232421875,2835.78076171875,2799.38818359375,44600.0,1450.5238037109375,531.3074340820312,39814.9609375
2025-02-18,4083.016357421875,2873.482666015625,2843.103271484375,2810.121337890625,44190.0,1461.337646484375,519.6517333984375,39991.828125
2025-02-19,4058.770263671875,2863.720703125,2835.78076171875,2801.339599609375,44450.0,1448.066162109375,517.0291748046875,39834.61328125
2025-02-20,4010.278564453125,2831.017578125,2801.12060546875,2767.18896484375,43780.0,1430.8624267578125,517.0291748046875,39323.66015625
2025-02-21,3995.73095703125,2833.4580078125,2804.537841796875,2770.1162109375,44350.0,1419.0655517578125,517.0291748046875,39431.74609375
2025-02-25,3981.183349609375,2824.18408203125,2793.309814453125,2760.358642578125,43790.0,1417.5909423828125,517.0291748046875,38950.2734375
2025-02-26,3986.032470703125,2813.933837890625,2786.963623046875,2752.552734375,43710.0,1406.2855224609375,516.9320678710938,38763.578125
2025-02-27,4010.278564453125,2834.434326171875,2806.490478515625,2773.043212890625,43800.0,1415.624755859375,517.0291748046875,38910.96875
2025-02-28,3995.73095703125,2783.18310546875,2746.933837890625,2714.4990234375,43360.0,1387.1156005859375,505.0820617675781,37849.76171875
2025-03-03,4058.770263671875,2828.0888671875,2798.6796875,2767.18896484375,43190.0,1413.6585693359375,505.0820617675781,38468.796875
2025-03-04,4073.31787109375,2804.171630859375,2778.1767578125,2740.843994140625,43020.0,1401.3702392578125,507.3160400390625,37977.5
2025-03-05,4078.167236328125,2813.933837890625,2785.499267578125,2750.601318359375,43500.0,1403.827880859375,508.09307861328125,38006.9765625
2025-03-06,4097.56396484375,2849.5654296875,2820.1591796875,2784.752197265625,43860.0,1423.4893798828125,508.19024658203125,38341.05859375
2025-03-07,4044.222900390625,2804.65966796875,2777.2001953125,2744.746826171875,43660.0,1392.031005859375,512.5611572265625,37535.328125
2025-03-10,4024.826171875,2797.338134765625,2770.365966796875,2732.062255859375,43110.0,1393.0140380859375,512.5611572265625,37702.37109375
2025-03-11,3990.8818359375,2771.468505859375,2740.587646484375,2703.76611328125,43050.0,1369.911865234375,512.5611572265625,37446.89453125
2025-03-12,4019.976806640625,2797.826171875,2764.019775390625,2726.2080078125,43760.0,1388.5902099609375,512.5611572265625,37437.06640625
2025-03-13,4049.072021484375,2793.92138671875,2770.85400390625,2736.941162109375,43220.0,1390.556396484375,512.5611572265625,37417.41796875
2025-03-14,4112.111328125,2811.005126953125,2788.42822265625,2746.698486328125,44680.0,1399.404052734375,509.9385986328125,37761.32421875
2025-03-17,4150.90478515625,2858.351318359375,2817.230224609375,2784.752197265625,45010.0,1415.624755859375,521.5943603515625,38085.5859375
2025-03-18,4204.24609375,2880.804443359375,2855.3076171875,2816.951416015625,44990.0,1436.269287109375,517.7091064453125,38508.1015625
2025-03-19,4276.98388671875,2895.935546875,2866.04736328125,2829.635986328125,45020.0,1441.1846923828125,524.50830078125,38458.97265625
2025-03-21,4262.43603515625,2902.76904296875,2873.85791015625,2839.393310546875,43820.0,1463.3038330078125,524.50830078125,38341.05859375
2025-03-24,4189.6982421875,2889.10205078125,2864.094482421875,2825.733154296875,44270.0,1446.0999755859375,515.5722045898438,38262.453125
2025-03-25,4146.0556640625,2897.887939453125,2869.46435546875,2831.58740234375,44090.0,1449.0491943359375,515.5722045898438,38419.66796875
2025-03-26,4146.0556640625,2914.483642578125,2886.062255859375,2851.102294921875,43960.0,1455.9307861328125,515.5722045898438,38645.66796875
2025-03-27,4180.0,2913.019287109375,2881.668701171875,2848.175048828125,43930.0,1457.4053955078125,515.5722045898438,38449.14453125
2025-03-28,4235.0,2889.10205078125,2857.26025390625,2819.878662109375,44100.0,1434.794677734375,515.5722045898438,38134.71484375
2025-03-31,4150.0,2789.040283203125,2757.185302734375,2718.402099609375,43300.0,1386.132568359375,515.5722045898438,36562.5546875
2025-04-01,4185.0,2784.1591796875,2755.232666015625,2725.232177734375,43280.0,1386.132568359375,511.78411865234375,36483.9453125
2025-04-02,4155.0,2764.14697265625,2749.37451171875,2706.693115234375,43060.0,1391.0479736328125,510.3271484375,36680.46484375
2025-04-03,4085.0,2697.2763671875,2665.409423828125,2635.46435546875,42250.0,1339.92822265625,490.8037414550781,35619.2578125
2025-04-04,3930.0,2600.631103515625,2570.704345703125,2540.818115234375,41660.0,1282.909912109375,491.38653564453125,34666.13671875
2025-04-07,3650.0,2420.03173828125,2374.947998046875,2349.57373046875,38430.0,1174.77197265625,485.65582275390625,32013.115234375
2025-04-08,3920.0,2548.891845703125,2517.98193359375,2489.10400390625,39850.0,1254.40087890625,481.1877746582031,33801.44921875
2025-04-09,3870.0,2454.6875,2433.040283203125,2400.31201171875,40140.0,1218.027099609375,482.547607421875,32553.544921875
2025-04-10,4040.0,2657.73974609375,2637.583740234375,2598.386474609375,41500.0,1313.38525390625,509.9385986328125,35373.609375
2025-04-11,4020.0,2579.154541015625,2555.082763671875,2522.279052734375,42000.0,1277.011474609375,509.9385986328125,34548.22265625
2025-04-14,4085.0,2602.583740234375,2577.53857421875,2554.478271484375,40910.0,1285.36767578125,509.9385986328125,34901.9609375
2025-04-15,4080.0,2631.8701171875,2604.387939453125,2572.04150390625,40950.0,1305.029052734375,509.9385986328125,35137.78515625
2025-04-16,4125.0,2613.81005859375,2584.861328125,2557.405517578125,40670.0,1278.9776611328125,496.3402404785156,34784.046875
2025-04-17,4165.0,2650.41796875,2621.962158203125,2590.58056640625,41290.0,1306.503662109375,496.3402404785156,35226.21875
2025-04-18,4280.0,2680.192626953125,2650.276123046875,2619.8525390625,41260.0,1321.7413330078125,496.3402404785156,35619.2578125
2025-04-21,4295.0,2644.560791015625,2619.521240234375,2586.677734375,40830.0,1301.58837890625,475.94268798828125,35137.78515625
2025-04-22,4360.0,2654.322998046875,2625.37939453125,2589.604736328125,40990.0,1294.21533203125,475.94268798828125,35098.48046875
2025-04-23,4355.0,2703.133544921875,2674.6845703125,2646.197509765625,41390.0,1327.6397705078125,475.94268798828125,35737.16796875
2025-04-24,4245.0,2705.0859375,2682.9833984375,2652.052001953125,41540.0,1345.82666015625,475.94268798828125,35914.0390625
2025-04-25,4220.0,2752.432373046875,2723.98974609375,2693.032958984375,41700.0,1378.26806640625,468.1722106933594,36601.859375
2025-04-28,4220.0,2775.861328125,2747.421875,2711.57177734375,41410.0,1390.0648193359375,494.98040771484375,36700.1171875
2025-04-30,4210.0,2792.945068359375,2767.43701171875,2730.11083984375,41250.0,1393.9971923828125,528.3935546875,36945.76953125
2025-05-01,4120.0,2801.242919921875,2777.6884765625,2739.8681640625,41740.0,1396.454833984375,529.3648681640625,37338.80859375
2025-05-02,4125.0,2811.981201171875,2784.03466796875,2753.528564453125,41990.0,1414.6417236328125,511.00701904296875,37741.67578125
2025-05-07,4275.0,2821.25537109375,2796.239013671875,2756.455810546875,41730.0,1414.6417236328125,501.2939147949219,37751.5
2025-05-08,4285.0,2825.16015625,2797.21533203125,2767.18896484375,42300.0,1410.7093505859375,501.2939147949219,37997.1484375
2025-05-09,4325.0,2861.76806640625,2832.851806640625,2794.509521484375,42540.0,1417.099365234375,501.2939147949219,38419.66796875
2025-05-12,4645.0,2881.29248046875,2845.055908203125,2810.121337890625,43290.0,1423.9808349609375,515.3779296875,38586.7109375
2025-05-13,4570.0,2905.69775390625,2875.322509765625,2840.369140625,44060.0,1434.3031005859375,534.2213745117188,39156.6171875
2025-05-14,4500.0,2897.39990234375,2862.630126953125,2826.708740234375,44500.0,1440.693115234375,534.2213745117188,39127.140625
2025-05-15,4415.0,2870.06591796875,2836.757080078125,2802.3154296875,43780.0,1429.8792724609375,534.2213745117188,38714.44921875
2025-05-16,4330.0,2869.08984375,2841.150634765625,2804.266845703125,43480.0,1430.8624267578125,514.795166015625,38684.96875
2025-05-19,4400.0,2868.113525390625,2839.68603515625,2802.3154296875,43370.0,1436.269287109375,508.48162841796875,38468.796875
2025-05-20,4320.0,2865.673095703125,2835.29248046875,2803.291015625,43110.0,1443.1507568359375,529.4619750976562,38429.49609375
2025-05-21,4350.0,2855.910888671875,2832.851806640625,2798.412353515625,43300.0,1436.7608642578125,519.7488403320312,38272.27734375
2025-05-22,4310.0,2846.148681640625,2814.30126953125,2778.897705078125,43020.0,1428.4046630859375,519.7488403320312,37928.3671875
2025-05-23,4295.0,2864.69677734375,2837.245361328125,2802.3154296875,42730.0,1435.7777099609375,519.7488403320312,38115.0625
2025-05-26,4320.0,2884.220947265625,2852.86669921875,2818.90283203125,42300.0,1451.5069580078125,522.1771240234375,38508.1015625
2025-05-27,4350.0,2902.76904296875,2874.834228515625,2837.44189453125,42300.0,1457.8968505859375,525.091064453125,38753.75390625
2025-05-28,4320.0,2903.745361328125,2875.322509765625,2839.393310546875,42500.0,1462.812255859375,518.4861450195312,38694.796875
2025-05-29,4315.0,2947.186767578125,2913.887939453125,2880.374267578125,43150.0,1492.304443359375,529.6561889648438,39412.09375
2025-05-30,4485.0,2942.3056640625,2902.171875,2869.64111328125,42480.0,1492.304443359375,529.6561889648438,38989.578125
2025-06-02,4475.0,2907.650146484375,2878.25146484375,2842.320556640625,41800.0,1474.609130859375,536.1640014648438,38439.3203125
2025-06-03,4495.0,2900.816650390625,2873.369873046875,2838.417724609375,42370.0,1455.439208984375,520.5259399414062,38409.84375
2025-06-04,4640.0,2917.900390625,2886.062255859375,2849.150634765625,42700.0,1468.710693359375,540.1463623046875,38724.2734375
2025-06-05,4560.0,2887.149658203125,2855.795654296875,2822.805908203125,42670.0,1447.0831298828125,542.4775390625,38498.27734375
2025-06-06,4570.0,2899.840576171875,2872.3935546875,2842.320556640625,42620.0,1450.0323486328125,542.4775390625,38714.44921875
2025-06-09,4540.0,2916.43603515625,2887.03857421875,2851.102294921875,42990.0,1464.286865234375,542.4775390625,39038.70703125
2025-06-10,4510.0,2915.4599609375,2884.59765625,2850.12646484375,42830.0,1462.812255859375,542.4775390625,39166.4453125
2025-06-11,4540.0,2920.341064453125,2890.94384765625,2857.932373046875,42840.0,1458.8800048828125,548.7910766601562,39372.7890625
2025-06-12,4580.0,2913.019287109375,2884.59765625,2847.19921875,42620.0,1455.439208984375,550.7337036132812,39156.6171875
2025-06-13,4545.0,2885.685302734375,2855.3076171875,2819.878662109375,42270.0,1442.167724609375,548.7910766601562,38753.75390625
2025-06-16,4515.0,2910.578857421875,2880.2041015625,2843.29638671875,42470.0,1442.6593017578125,550.5394287109375,39274.53125
2025-06-17,4445.0,2919.36474609375,2884.59765625,2854.029541015625,42680.0,1447.5745849609375,550.5394287109375,39520.1796875
2025-06-18,4425.0,2941.32958984375,2912.91162109375,2877.447021484375,42640.0,1454.9476318359375,541.0205688476562,39854.265625
2025-06-19,4415.0,2925.710205078125,2893.384765625,2856.95654296875,42500.0,1450.5238037109375,541.0205688476562,39520.1796875
2025-06-20,4385.0,2904.2333984375,2874.34619140625,2839.393310546875,42740.0,1437.2523193359375,541.0205688476562,39421.921875
2025-06-23,4425.0,2892.518798828125,2862.141845703125,2827.6845703125,43770.0,1425.4554443359375,541.0205688476562,39353.13671875
2025-06-24,4400.0,2908.62646484375,2881.668701171875,2847.19921875,43410.0,1436.7608642578125,536.4553833007812,39746.1796875
2025-06-25,4400.0,2913.99560546875,2883.621337890625,2850.12646484375,44020.0,1444.1339111328125,534.6099243164062,39923.046875
2025-06-26,4440.0,2939.377197265625,2908.030029296875,2872.568359375,43700.0,1455.439208984375,541.0205688476562,40571.5625
2025-06-27,4505.0,2978.425537109375,2949.5244140625,2913.54931640625,43660.0,1478.0499267578125,540.3406372070312,41180.7734375
2025-06-30,4595.0,2992.092529296875,2958.3115234375,2921.355224609375,43420.0,1488.3721923828125,546.945556640625,41534.51171875
2025-07-01,4530.0,2967.687255859375,2937.808349609375,2899.88916015625,43330.0,1476.5753173828125,546.945556640625,40994.08203125
2025-07-02,4490.0,2975.4970703125,2929.021240234375,2895.986083984375,43460.0,1455.439208984375,540.2435302734375,40836.86328125
2025-07-03,4530.0,2965.73486328125,2932.926513671875,2899.88916015625,43640.0,1475.1007080078125,539.85498046875,40777.91015625
2025-07-04,4565.0,2963.782470703125,2936.83203125,2899.88916015625,44270.0,1472.6429443359375,539.85498046875,40895.8203125
2025-07-07,4525.0,2948.1630859375,2914.376220703125,2815.0,43870.0,1464.286865234375,539.85498046875,40659.99609375
2025-07-08,4505.0,2952.06787109375,2924.627685546875,2891.0,44420.0,1468.2191162109375,539.85498046875,40787.734375
2025-07-09,4580.0,2897.39990234375,2868.0,2902.0,44810.0,1468.2191162109375,539.85498046875,40208.0
2025-07-10,4510.0,2949.0,2915.0,2883.0,45010.0,1455.439208984375,555.7999877929688,40750.0
2025-07-11,4540.0,2963.5,2932.5,2898.0,45420.0,1466.7445068359375,555.7999877929688,40620.0
2025-07-14,4580.0,2963.5,2933.0,2898.0,45300.0,1446.0999755859375,555.7999877929688,40560.0
2025-07-15,4595.0,2963.0,2934.0,2898.0,45090.0,1471.0,542.0,40700.0
2025-07-16,4640.0,2960.5,2927.5,2892.0,45130.0,1465.0,543.2999877929688,40710.0
2025-07-17,4605.0,2980.0,2950.0,2914.0,45300.0,1471.0,541.0,40960.0
2025-07-18,4555.0,2973.0,2944.0,2909.0,45990.0,1475.0,546.0,40920.0
2025-07-22,4560.0,2974.5,2943.5,2911.0,45910.0,1481.5,548.0,40810.0
2025-07-23,4585.0,3068.0,3040.0,3004.0,46480.0,1536.0,565.2000122070312,42290.0
2025-07-24,4625.0,3123.0,3093.0,3056.0,46180.0,1570.5,573.2000122070312,42950.0
2025-07-25,4785.0,3095.0,3062.0,3028.0,45940.0,1557.0,569.4000244140625,42580.0
2025-07-28,4730.0,3075.0,3043.0,3007.0,46560.0,1542.5,568.0,42130.0
2025-07-29,4665.0,3052.0,3019.0,2984.0,46700.0,1516.5,568.0,41770.0
2025-07-30,4675.0,3063.0,3033.0,2997.0,46410.0,1524.0,568.0,41770.0
2025-07-31,4685.0,3088.0,3056.0,3021.0,46100.0,1536.5,568.0,42190.0
2025-08-01,4725.0,3097.0,3064.0,3026.0,46110.0,1523.0,571.0,41950.0
2025-08-04,4410.0,3060.0,3028.0,2991.0,45740.0,1514.0,571.0,41420.0
2025-08-05,4395.0,3089.0,3051.0,3015.0,45820.0,1523.0,571.0,41620.0
2025-08-06,4530.0,3116.0,3085.0,3046.0,46290.0,1525.5,574.7999877929688,41930.0
2025-08-07,4515.0,3135.0,3104.0,3067.0,46440.0,1534.5,576.5999755859375,42130.0
2025-08-08,4540.0,3172.0,3140.0,3104.0,45800.0,1559.5,584.0,42930.0
2025-08-12,4500.0,3216.0,3184.0,3147.0,46550.0,1591.5,590.0999755859375,43870.0
2025-08-13,4480.0,3246.0,3211.0,3172.0,46400.0,1613.5,600.0,44450.0
2025-08-14,4485.0,3209.0,3177.0,3140.0,46350.0,1611.0,600.0,43800.0
2025-08-15,4475.0,3260.0,3229.0,3190.0,46600.0,1633.0,600.0999755859375,44550.0
2025-08-18,4545.0,3274.0,3240.0,3203.0,47000.0,1642.0,602.0,44900.0
2025-08-19,4590.0,3273.0,3237.0,3199.0,46600.0,1646.0,605.5999755859375,44760.0
2025-08-20,4690.0,3255.0,3220.0,3181.0,46300.0,1641.0,595.0,44030.0
2025-08-21,4795.0,3237.0,3203.0,3165.0,47260.0,1606.0,595.0,43800.0
2025-08-22,4895.0,3251.0,3220.0,3179.0,48780.0,1617.0,585.4000244140625,43790.0
2025-08-25,4820.0,3256.0,3223.0,3187.0,48890.0,1620.5,594.9000244140625,43990.0
2025-08-26,4780.0,3226.0,3191.0,3157.0,49610.0,1604.0,594.9000244140625,43520.0
2025-08-27,4760.0,3220.0,3188.0,3150.0,48800.0,1593.5,594.9000244140625,43650.0
2025-08-28,4730.0,3243.0,3210.0,3170.0,48180.0,1610.0,594.9000244140625,44000.0
2025-08-29,4675.0,3228.0,3196.0,3154.0,48920.0,1605.5,590.2999877929688,43930.0
2025-09-01,4785.0,3212.0,3181.0,3142.0,49430.0,1588.0,594.2999877929688,43320.0
2025-09-02,4860.0,3234.0,3204.0,3164.0,49890.0,1595.0,594.2999877929688,43440.0
2025-09-03,4855.0,3197.0,3168.0,3129.0,49320.0,1568.5,588.7999877929688,43050.0
2025-09-04,4950.0,3235.0,3199.0,3161.0,48050.0,1597.0,588.4000244140625,43750.0
2025-09-05,5080.0,3258.0,3230.0,3188.0,49000.0,1610.5,588.4000244140625,44200.0
2025-09-08,5120.0,3288.0,3262.0,3224.0,49250.0,1620.0,601.5999755859375,44850.0
2025-09-09,5110.0,3283.0,3245.0,3212.0,48530.0,1616.0,601.5999755859375,44640.0
2025-09-10,5070.0,3295.0,3261.0,3222.0,49200.0,1627.5,598.7999877929688,45020.0
2025-09-11,5090.0,3304.0,3270.0,3231.0,49540.0,1633.5,598.7999877929688,45590.0
2025-09-12,5090.0,3316.0,3284.0,3246.0,49650.0,1635.5,603.0,45960.0
2025-09-16,5130.0,3324.0,3294.0,3256.0,49140.0,1653.5,608.5999755859375,46130.0
2025-09-17,5040.0,3302.0,3268.0,3228.0,49240.0,1638.5,608.5999755859375,46060.0
2025-09-18,5080.0,3320.0,3286.0,3243.0,48850.0,1641.0,605.0,46550.0
2025-09-19,4980.0,3300.0,3266.0,3226.0,48810.0,1637.0,600.0,46280.0
2025-09-22,4935.0,3322.0,3286.0,3248.0,48960.0,1644.5,605.0,46730.0
2025-09-24,4955.0,3327.0,3293.0,3255.0,52660.0,1648.0,605.0,46900.0
2025-09-25,4985.0,3343.0,3312.0,3269.0,51510.0,1670.0,606.2999877929688,46990.0
2025-09-26,5030.0,3345.0,3306.0,3270.0,52600.0,1667.0,608.0999755859375,46640.0
2025-09-29,4985.0,3318.0,3285.0,3243.0,54380.0,1658.0,598.0,46560.0
2025-09-30,4945.0,3315.0,3283.0,3250.0,53800.0,1653.0,600.5,46490.0
2025-10-01,4865.0,3280.0,3245.0,3208.0,51580.0,1639.0,600.5,46070.0
2025-10-02,4855.0,3268.0,3236.0,3201.0,51510.0,1635.0,600.4000244140625,46460.0
2025-10-03,4870.0,3312.0,3280.0,3242.0,51870.0,1657.0,594.2000122070312,47350.0
2025-10-06,4920.0,3416.0,3385.0,3340.0,51710.0,1727.0,628.5999755859375,49650.0
2025-10-07,4960.0,3418.0,3383.0,3342.0,51490.0,1718.0,631.0999755859375,49660.0
2025-10-08,4935.0,3424.0,3394.0,3348.0,51380.0,1727.0,622.2000122070312,49350.0
2025-10-09,4940.0,3454.0,3415.0,3375.0,51910.0,1739.0,633.2000122070312,50190.0
2025-10-10,4860.0,3386.0,3350.0,3316.0,51330.0,1713.0,615.7999877929688,49740.0
2025-10-14,4805.0,3329.0,3287.0,3247.0,50320.0,1666.0,615.7999877929688,48450.0
2025-10-15,4860.0,3379.0,3342.0,3300.0,50610.0,1703.0,615.0999755859375,49340.0
2025-10-16,4870.0,3398.0,3355.0,3316.0,51110.0,1722.0,628.0999755859375,49950.0
2025-10-17,4880.0,3365.0,3324.0,3290.0,50310.0,1699.0,618.0999755859375,49220.0
2025-10-20,4905.0,3438.0,3400.0,3363.0,50550.0,1740.0,624.5999755859375,50800.0
2025-10-21,4875.0,3445.0,3408.0,3366.0,51200.0,1740.0,631.0999755859375,50950.0
2025-10-22,4895.0,3456.0,3421.0,3383.0,51350.0,1756.0,631.0999755859375,50950.0
2025-10-23,4905.0,3444.0,3407.0,3371.0,51430.0,1731.0,626.0,50290.0
2025-10-24,4900.0,3444.0,3407.0,3371.0,51430.0,1731.0,626.0,50290.0
2025-10-27,5000.0,3521.0,3485.0,3443.0,52830.0,1789.0,646.9000244140625,52260.0
2025-10-28,4880.0,3481.0,3449.0,3403.0,52310.0,1782.0,637.0,51880.0
2025-10-29,4770.0,3470.0,3438.0,3395.0,53010.0,1777.0,635.2000122070312,53100.0
2025-10-30,4800.0,3499.0,3458.0,3418.0,52550.0,1778.0,631.2000122070312,53060.0
2025-10-31,4765.0,3530.0,3492.0,3452.0,52380.0,1801.0,642.0999755859375,54190.0
2025-11-04,4530.0,3508.0,3473.0,3429.0,52050.0,1788.0,642.0,53420.0
2025-11-05,4515.0,3466.0,3426.0,3387.0,52000.0,1749.0,625.2000122070312,51950.0
2025-11-06,4590.0,3509.0,3472.0,3431.0,52800.0,1770.0,635.2999877929688,52490.0
2025-11-07,4635.0,3495.0,3455.0,3418.0,52320.0,1775.0,649.9000244140625,51980.0
2025-11-10,4660.0,3517.0,3479.0,3441.0,52700.0,1780.0,636.0,52650.0
2025-11-11,4690.0,3522.0,3481.0,3443.0,52720.0,1770.0,636.4000244140625,52590.0
2025-11-12,4775.0,3559.0,3522.0,3481.0,53000.0,1792.0,642.5,52840.0
2025-11-13,4775.0,3588.0,3549.0,3502.0,53300.0,1801.0,642.5,52990.0
2025-11-14,4745.0,3560.0,3522.0,3478.0,53300.0,1783.0,643.0999755859375,52100.0
2025-11-17,4675.0,3547.0,3507.0,3468.0,52780.0,1760.0,638.7000122070312,52070.0
2025-11-18,4655.0,3445.0,3411.0,3376.0,52260.0,1729.0,631.0,50530.0
2025-11-19,4570.0,3439.0,3405.0,3366.0,52800.0,1720.0,629.5,50290.0
2025-11-20,4670.0,3495.0,3459.0,3418.0,53800.0,1755.0,629.5,51490.0
2025-11-21,4740.0,3503.0,3457.0,3417.0,52570.0,1740.0,629.2000122070312,50390.0
2025-11-25,4690.0,3484.0,3451.0,3410.0,52310.0,1720.0,628.7999877929688,50330.0
2025-11-26,4745.0,3555.0,3520.0,3474.0,52250.0,1762.0,632.7000122070312,51200.0
2025-11-27,4745.0,3570.0,3531.0,3488.0,52450.0,1760.0,636.2000122070312,51830.0
2025-11-28,4800.0,3587.0,3542.0,3499.0,52800.0,1769.0,636.2000122070312,51950.0
2025-12-01,4725.0,3541.0,3501.0,3459.0,52590.0,1746.0,641.4000244140625,51030.0
2025-12-02,4660.0,3539.0,3501.0,3460.0,52500.0,1767.0,640.0,50920.0
2025-12-03,4615.0,3529.0,3496.0,3453.0,52300.0,1749.0,630.7000122070312,51550.0
2025-12-04,4615.0,3598.0,3566.0,3516.0,52280.0,1792.0,621.5999755859375,52710.0
2025-12-05,4590.0,3560.0,3522.0,3482.0,52550.0,1769.0,621.5999755859375,52190.0
2025-12-08,4670.0,3587.0,3550.0,3507.0,53500.0,1764.0,621.5999755859375,52300.0
2025-12-09,4605.0,3583.0,3548.0,3508.0,53010.0,1774.0,621.7000122070312,52350.0
2025-12-10,4630.0,3590.0,3552.0,3515.0,52880.0,1770.0,622.7000122070312,52340.0
2025-12-11,4535.0,3558.0,3525.0,3478.0,52680.0,1763.0,622.2999877929688,51890.0
2025-12-12,4605.0,3630.0,3593.0,3555.0,52700.0,1796.0,622.2999877929688,52620.0
2025-12-15,4655.0,3634.0,3606.0,3554.0,52650.0,1795.0,622.2999877929688,51940.0
2025-12-16,4665.0,3573.0,3538.0,3494.0,51880.0,1781.0,622.2999877929688,51150.0
2025-12-17,4675.0,3571.0,3537.0,3492.0,52800.0,1770.0,622.2999877929688,51250.0
2025-12-18,4740.0,3557.0,3521.0,3485.0,52920.0,1756.0,621.5999755859375,50720.0
2025-12-19,4740.0,3587.0,3553.0,3512.0,53010.0,1779.0,615.7999877929688,51240.0
2025-12-22,4745.0,3611.0,3572.0,3528.0,53640.0,1785.0,625.7999877929688,52110.0
2025-12-23,4850.0,3625.0,3588.0,3547.0,53390.0,1790.0,621.5,52090.0
2025-12-24,4865.0,3609.0,3573.0,3533.0,53330.0,1784.0,626.7000122070312,52090.0
2025-12-25,4850.0,3624.0,3586.0,3540.0,53790.0,1784.0,627.9000244140625,52110.0
2025-12-26,4880.0,3625.0,3588.0,3542.0,53930.0,1791.0,631.4000244140625,52420.0
2025-12-29,4900.0,3629.0,3599.0,3555.0,54240.0,1793.0,631.4000244140625,52240.0
2025-12-30,4875.0,3613.0,3579.0,3539.0,54000.0,1784.0,650.0,52060.0
2026-01-05,4870.0,3686.0,3650.0,3607.0,55600.0,1833.0,670.0,53730.0
2026-01-06,4945.0,3753.0,3714.0,3670.0,56420.0,1875.0,655.0,54300.0
2026-01-07,4940.0,3721.0,3684.0,3640.0,55700.0,1852.0,655.0,53810.0
2026-01-08,4920.0,3693.0,3655.0,3611.0,55300.0,1826.0,655.0,52920.0
2026-01-09,4950.0,3731.0,3690.0,3648.0,56300.0,1826.0,655.0,53690.0
2026-01-13,4890.0,3817.0,3775.0,3732.0,56990.0,1896.0,658.5,55380.0
2026-01-14,4930.0,3863.0,3824.0,3777.0,57490.0,1928.0,667.5999755859375,56240.0
2026-01-15,4935.0,3898.0,3854.0,3806.0,56430.0,1949.0,667.0,56000.0
2026-01-16,4960.0,3887.0,3848.0,3796.0,55780.0,1940.0,655.2000122070312,55850.0
2026-01-19,5000.0,3876.0,3840.0,3789.0,55760.0,1923.0,666.5,55480.0
2026-01-20,5100.0,3848.0,3804.0,3765.0,55990.0,1904.0,670.0,54810.0
2026-01-21,5000.0,3812.0,3769.0,3726.0,55990.0,1886.0,651.7000122070312,54550.0
2026-01-22,5030.0,3835.0,3801.0,3751.0,55740.0,1890.0,656.0,55580.0
2026-01-23,5000.0,3848.0,3813.0,3762.0,55350.0,1900.0,656.0,55710.0
2026-01-26,5020.0,3766.0,3729.0,3683.0,54050.0,1858.0,660.0,54710.0
2026-01-27,5080.0,3780.0,3740.0,3692.0,54450.0,1860.0,660.0,55130.0
2026-01-28,5120.0,3747.0,3708.0,3666.0,54110.0,1856.0,660.0,55170.0
2026-01-29,5090.0,3753.0,3719.0,3679.0,55260.0,1856.0,651.0999755859375,55250.0
2026-01-30,5140.0,3785.0,3744.0,3706.0,54960.0,1870.0,651.0999755859375,55170.0
2026-02-02,5090.0,3751.0,3713.0,3673.0,54000.0,1857.0,651.2000122070312,54580.0
2026-02-03,5050.0,3867.0,3831.0,3779.0,54080.0,1911.0,654.2000122070312,56660.0
2026-02-04,5070.0,3877.0,3838.0,3791.0,55180.0,1908.0,669.9000244140625,56250.0
2026-02-05,5070.0,3878.0,3836.0,3793.0,55480.0,1901.0,659.9000244140625,55780.0
2026-02-06,5180.0,3922.0,3885.0,3840.0,55430.0,1927.0,670.0,56150.0
2026-02-09,5200.0,4011.0,3973.0,3930.0,56060.0,1969.0,684.9000244140625,58410.0
2026-02-10,5200.0,4089.0,4047.0,4003.0,56400.0,1999.0,705.0999755859375,59640.0
2026-02-12,5290.0,4118.0,4077.0,4025.0,55570.0,2007.0,700.7999877929688,59710.0
2026-02-13,5260.0,4053.0,4012.0,3965.0,54470.0,1997.0,700.0,59020.0
2026-02-16,5300.0,4028.0,3981.0,3938.0,54720.0,1960.0,700.0999755859375,58840.0
2026-02-17,5170.0,3988.0,3952.0,3904.0,54880.0,1932.0,700.0999755859375,58500.0
2026-02-18,5180.0,4038.0,3997.0,3951.0,54570.0,1946.0,702.0,59130.0
2026-02-19,5280.0,4083.0,4046.0,3996.0,54760.0,1972.0,702.0,59500.0
2026-02-20,5240.0,4040.0,4001.0,3950.0,54460.0,1944.0,687.0,58840.0
2026-02-24,5330.0,4045.0,4011.0,3955.0,54400.0,1941.0,697.0,59320.0
2026-02-25,5310.0,4079.0,4045.0,3994.0,55540.0,1949.0,697.0,60680.0
2026-02-26,5310.0,4120.0,4078.0,4032.0,55520.0,1981.0,734.2999877929688,60830.0
2026-02-27,5440.0,4176.0,4131.0,4086.0,55310.0,2003.0,734.2999877929688,60950.0
2026-03-02,5410.0,4145.0,4094.0,4044.0,55110.0,1960.0,734.2999877929688,60100.0
2026-03-03,5230.0,4009.0,3959.0,3918.0,55070.0,1925.0,702.0999755859375,58250.0
2026-03-04,5070.0,3865.0,3818.0,3774.0,53730.0,1852.0,680.0,56220.0
2026-03-05,5160.0,3930.0,3885.0,3845.0,53830.0,1888.0,730.0,57250.0
2026-03-06,5170.0,3949.0,3903.0,3861.0,54590.0,1896.0,675.0,57630.0
2026-03-09,5150.0,3804.0,3754.0,3712.0,53610.0,1848.0,695.0,54650.0
2026-03-10,5250.0,3882.0,3847.0,3803.0,54490.0,1870.0,700.2000122070312,56150.0
2026-03-11,5280.0,3920.0,3883.0,3841.0,54510.0,1888.0,700.2000122070312,56900.0
2026-03-12,5100.0,3869.0,3829.0,3785.0,54700.0,1877.0,700.2000122070312,56390.0
2026-03-13,5090.0,3849.0,3809.0,3763.0,54310.0,1861.0,700.2000122070312,55700.0
2026-03-16,5050.0,3833.0,3790.0,3744.0,54020.0,1857.0,700.2000122070312,55630.0
2026-03-17,5100.0,3847.0,3809.0,3764.0,54650.0,1846.0,670.4000244140625,55670.0
2026-03-18,5200.0,3943.0,3907.0,3860.0,54480.0,1910.0,682.7999877929688,57220.0
